Date,Stock,Actual Return,Predicted Return,Actual Direction,Predicted Direction,Signal,Rank,Portfolio Value,Profit/Loss
2025-01-02,NVDA,-0.047357385583110534,0.11369519,0,1,Buy,1.0,9526.426144168894,-473.5738558311059
2025-01-03,NVDA,-0.056966844327541954,0.08685277,0,1,Buy,1.0,8983.735709016199,-1016.2642909838014
2025-01-06,NVDA,-0.10613665261326377,0.10032946,0,1,Buy,1.0,8030.2320728989735,-1969.7679271010265
2025-01-07,NVDA,-0.017339803054088665,0.097577274,0,1,Buy,1.0,7890.989430276279,-2109.0105697237213
2025-01-08,NVDA,0.005138819498964997,0.117069885,1,1,Buy,1.0,7931.539800626709,-2068.4601993732913
2025-01-10,NVDA,0.0821131631226546,0.12977043,1,1,Buy,1.0,8582.823622089398,-1417.1763779106022
2025-01-13,NVDA,0.10500637994445694,0.1183164,1,1,Buy,1.0,9484.074860346776,-515.9251396532236
2025-01-14,NVDA,0.08242258652094736,0.11813832,1,1,Buy,1.0,10265.77684109485,265.77684109485017
2025-01-15,NVDA,-0.13079859072225486,0.12053187,0,1,Buy,1.0,8923.027697610483,-1076.9723023895167
2025-01-16,NVDA,-0.03428913678221146,0.10338687,0,1,Buy,1.0,8617.064780375656,-1382.9352196243435
2025-01-17,NVDA,-0.10173553118873002,0.11577232,0,1,Buy,1.0,7740.403117656442,-2259.596882343558
2025-01-21,NVDA,-0.114890293261379,0.09267802,0,1,Buy,1.0,6851.105933507602,-3148.8940664923985
2025-01-22,NVDA,-0.18358604746039298,0.103396736,0,1,Buy,1.0,5593.338474442495,-4406.661525557505
2025-01-23,NVDA,-0.20758049178100801,0.10177679,0,1,Buy,1.0,4432.270523220089,-5567.729476779911
2025-01-24,NVDA,-0.16806899453092128,0.11788388,0,1,Buy,1.0,3687.343272893448,-6312.656727106552
2025-01-27,NVDA,0.05412937003884477,0.09815101,1,1,Buy,1.0,3886.9368413721427,-6113.063158627858
2025-01-28,NVDA,-0.0024032870765176018,0.119918056,0,1,Buy,1.0,3877.595416294033,-6122.4045837059675
2025-01-29,NVDA,0.04963621665319318,0.10061328,1,1,Buy,1.0,4070.0645824706326,-5929.935417529367
2025-01-30,NVDA,0.0715603690332931,0.09368072,1,1,Buy,1.0,4361.319905981567,-5638.680094018433
2025-01-31,NVDA,0.1060214874656451,0.09849777,1,1,Buy,1.0,4823.71352972726,-5176.28647027274
2025-02-03,NVDA,0.1241213783644779,0.055147547,1,1,Buy,1.0,5422.439501872388,-4577.560498127612
2025-02-04,NVDA,0.1402444163506109,0.044206005,1,1,Buy,1.0,6182.906365008978,-3817.0936349910216
2025-02-05,NVDA,0.11231274533365365,0.065520406,1,1,Buy,1.0,6877.325553004058,-3122.674446995942
2025-02-06,NVDA,0.08330742928193957,0.07935991,1,1,Buy,1.0,7450.25786515982,-2549.7421348401804
2025-02-07,NVDA,0.07231977818853963,0.094540246,1,1,Buy,1.0,7989.0588614156,-2010.9411385843996
2025-02-10,NVDA,0.048963090514337226,0.066754624,1,1,Buy,1.0,8380.22787357146,-1619.7721264285392
2025-02-11,NVDA,0.01227409638554211,0.07166414,1,1,Buy,1.0,8483.087598224483,-1516.9124017755166
2025-02-12,NVDA,-0.006557877077931873,0.07088667,0,1,Buy,1.0,8427.456552513999,-1572.5434474860012
2025-02-13,NVDA,-0.06401064380220267,0.06625962,0,1,Buy,1.0,7888.0096329724865,-2111.9903670275135
2025-02-14,PFE,0.034860947904426176,0.039441496,1,1,Buy,1.0,8162.993125857152,-1837.0068741428477
2025-02-18,NVDA,-0.1380918220946915,0.053865466,0,1,Buy,1.0,7035.750531361096,-2964.2494686389036
2025-02-19,NVDA,-0.10277957336780863,0.052233476,0,1,Buy,1.0,6312.61909342547,-3687.38090657453
2025-02-20,NVDA,-0.18592534437227903,0.08257113,0,1,Buy,1.0,5138.943214589316,-4861.056785410684
2025-02-21,NVDA,-0.13717176225544903,0.046214182,0,1,Buy,1.0,4434.025317713417,-5565.974682286583
2025-02-24,NVDA,-0.09963156278784158,0.06043457,0,1,Buy,1.0,3992.256445868774,-6007.743554131226
2025-02-25,NVDA,-0.12682618652767907,0.06251566,0,1,Buy,1.0,3485.9337851986916,-6514.066214801309
2025-02-26,NVDA,-0.14160572821450335,0.06403286,0,1,Buy,1.0,2992.3055930380906,-7007.694406961909
2025-02-27,NVDA,-0.10961298377028716,0.08881597,0,1,Buy,1.0,2664.310048632667,-7335.6899513673325
2025-02-28,NVDA,-0.12936279218699964,0.08896538,0,1,Buy,1.0,2319.6474614896642,-7680.352538510336
2025-03-03,NVDA,0.014729089952656427,0.1010828,1,1,Buy,1.0,2353.813757608397,-7646.186242391603
2025-03-04,NVDA,-0.0035347874816794578,0.10099022,0,1,Buy,1.0,2345.493526203798,-7654.506473796202
2025-03-05,NVDA,0.0372549019607844,0.07997239,1,1,Buy,1.0,2432.874657572175,-7567.125342427826
2025-03-06,NVDA,0.08103463869042238,0.10292545,1,1,Buy,1.0,2630.021776427621,-7369.97822357238
2025-03-07,NVDA,0.024314491081728784,0.09016057,1,1,Buy,1.0,2693.969417455323,-7306.030582544678
2025-03-10,NVDA,0.09852308842774349,0.09200634,1,1,Buy,1.0,2959.38760459291,-7040.61239540709
2025-03-11,TSLA,0.024633532830254046,0.09855307,1,1,Buy,1.0,3032.2877763080965,-6967.712223691904
2025-03-12,NVDA,0.01693450838085364,0.05689873,1,1,Buy,1.0,3083.638079069146,-6916.3619209308545
2025-03-13,NVDA,0.050441252811905146,0.09628208,1,1,Buy,1.0,3239.18064699589,-6760.81935300411
2025-03-14,TSLA,0.15265221217697422,0.058495156,1,1,Buy,1.0,3733.6487384006555,-6266.351261599344
2025-03-17,TSLA,0.14306121591529775,0.077509806,1,1,Buy,1.0,4267.78906671687,-5732.21093328313
2025-03-18,TSLA,0.21224091252052735,0.087664925,1,1,Buy,1.0,5173.5885126819885,-4826.4114873180115
2025-03-19,TSLA,0.11740015263291781,0.0846515,1,1,Buy,1.0,5780.968593730764,-4219.031406269236
2025-03-20,TSLA,0.09692711419622468,0.07975216,1,1,Buy,1.0,6341.301196780094,-3658.698803219906
2025-03-21,TSLA,0.07940975433235486,0.048440438,1,1,Buy,1.0,6844.862366963869,-3155.137633036131
2025-03-24,PFE,-0.05508798775822499,0.050398733,0,1,Buy,1.0,6467.792672685829,-3532.2073273141714
2025-03-25,NVDA,-0.15651669566658377,0.055615842,0,1,Buy,1.0,5455.4751353005,-4544.5248646995
2025-03-26,TSLA,-0.119936778651768,0.062272087,0,1,Buy,1.0,4801.163021557741,-5198.836978442259
2025-03-27,PFE,-0.09516193522590977,0.050700314,0,1,Buy,1.0,4344.275057091229,-5655.724942908771
2025-03-28,PFE,-0.13367711225704093,0.050051168,0,1,Buy,1.0,3763.544912608982,-6236.4550873910175
2025-03-31,PFE,-0.11247040252565121,0.053909678,0,1,Buy,1.0,3340.257501364483,-6659.742498635517
2025-04-01,PFE,-0.12021189894050532,0.062031996,0,1,Buy,1.0,2938.7188041751906,-7061.281195824809
2025-04-02,PFE,-0.1129554655870445,0.05817255,0,1,Buy,1.0,2606.7744534201793,-7393.225546579821
2025-04-03,NVDA,0.08752455795677805,0.09106903,1,1,Buy,1.0,2834.931235148802,-7165.068764851198
2025-04-04,NVDA,0.18969356377902669,0.08452331,1,1,Buy,1.0,3372.699444212656,-6627.300555787344
2025-04-07,PFE,-0.026071586389748158,0.07700548,0,1,Buy,1.0,3284.7678192862104,-6715.23218071379
2025-04-08,PFE,0.013736263736263687,0.075760946,1,1,Buy,1.0,3329.8882563643174,-6670.111743635683
2025-04-09,NVDA,-0.1523659581912009,0.0645316,0,1,Buy,1.0,2822.5266415137407,-7177.473358486259
2025-04-10,PFE,0.04353867531264477,0.08125486,1,1,Buy,1.0,2945.415712519897,-7054.584287480103
2025-04-11,PFE,0.021907804655408425,0.06588925,1,1,Buy,1.0,3009.9433045787537,-6990.056695421246
2025-04-14,PFE,0.029837251356238603,0.058458455,1,1,Buy,1.0,3099.751739525497,-6900.248260474503
2025-04-15,NVDA,-0.010606060606060619,0.06981967,0,1,Buy,1.0,3066.875584712348,-6933.124415287652
2025-04-16,NVDA,0.04057804574600454,0.07890608,1,1,Buy,1.0,3191.32340248611,-6808.67659751389
2025-04-17,NVDA,0.07419450192137167,0.09518052,1,1,Buy,1.0,3428.102052803584,-6571.897947196416
2025-04-21,NVDA,0.12392941904860177,0.09531432,1,1,Buy,1.0,3852.944748646851,-6147.055251353149
2025-04-22,NVDA,0.12862776822732336,0.079564296,1,1,Buy,1.0,4348.540432768481,-5651.459567231519
2025-04-23,NVDA,0.1147892123454386,0.09456283,1,1,Buy,1.0,4847.705963898267,-5152.294036101733
2025-04-24,NVDA,0.06943530959315969,0.086588666,1,1,Buy,1.0,5184.3079283181505,-4815.6920716818495
2025-04-25,CVX,-0.02256181071145391,0.072025396,0,1,Buy,1.0,5067.3405541695465,-4932.6594458304535
2025-04-28,NVDA,0.07661179067414703,0.06911065,1,1,Buy,1.0,5455.5585879802,-4544.4414120198
2025-04-29,CVX,-0.01622397702799727,0.06632761,0,1,Buy,1.0,5367.047730773917,-4632.952269226083
2025-04-30,NVDA,0.07096951891296377,0.07963869,1,1,Buy,1.0,5747.944526209855,-4252.055473790145
2025-05-01,CVX,0.039336562454131974,0.07760271,1,1,Buy,1.0,5974.0489050479955,-4025.9510949520045
2025-05-02,NVDA,0.13475982532751107,0.07094836,1,1,Buy,1.0,6779.110691990272,-3220.8893080097278
2025-05-05,NVDA,0.1890704621331929,0.082492985,1,1,Buy,1.0,8060.840283376942,-1939.1597166230576
2025-05-06,NVDA,0.1875110093359169,0.11075125,1,1,Buy,1.0,9572.33658100857,-427.66341899142935
2025-05-07,PFE,0.001755155770074568,0.056567878,1,1,Buy,1.0,9589.137522791823,-410.86247720817664
2025-05-08,PFE,0.0013060513713540889,0.05332326,1,1,Buy,1.0,9601.661429003569,-398.3385709964314
2025-05-09,PFE,0.055655296229802476,0.06459536,1,1,Buy,1.0,10136.044740133031,136.04474013303115
2025-05-12,PFE,-0.002165439584235651,0.05999138,0,1,Buy,1.0,10114.095747625164,114.09574762516422
2025-05-13,PFE,0.007433318758198526,0.06276835,1,1,Buy,1.0,10189.277045268202,189.27704526820162
2025-05-14,PFE,0.05903723887375123,0.07311102,1,1,Buy,1.0,10790.82382814053,790.8238281405302
2025-05-15,PFE,0.04469026548672561,0.06275386,1,1,Buy,1.0,11273.068609840615,1273.068609840615
2025-05-16,PFE,0.015330705212439844,0.064315245,1,1,Buy,1.0,11445.89270153769,1445.8927015376903
2025-05-19,PFE,0.019565217391304346,0.057260137,1,1,Buy,1.0,11669.83408048082,1669.8340804808195
2025-05-20,NVDA,0.005581187676737542,0.058642358,1,1,Buy,1.0,11734.96561464037,1734.9656146403704
2025-05-21,NVDA,0.042336874051593254,0.09116394,1,1,Buy,1.0,12231.787375867178,2231.7873758671776
2025-05-22,NVDA,0.06316344199352542,0.09144688,1,1,Buy,1.0,13004.3891682599,3004.3891682599005
2025-05-23,NVDA,0.0809658008987737,0.1010706,1,1,Buy,1.0,14057.299952467401,4057.2999524674015
2025-05-27,NVDA,0.033136531365313804,0.092511214,1,1,Buy,1.0,14523.110113253962,4523.1101132539625
2025-05-28,NVDA,0.051257325124248965,0.11039656,1,1,Buy,1.0,15267.525890144288,5267.5258901442885
2025-05-29,NVDA,0.024714419139306054,0.09156233,1,1,Buy,1.0,15644.853924213521,5644.853924213521
2025-05-30,NVDA,0.06534448309035756,0.13523838,1,1,Buy,1.0,16667.158816915406,6667.158816915406
2025-06-02,NVDA,0.03967098558742177,0.11511449,1,1,Buy,1.0,17328.361434124527,7328.361434124527
2025-06-03,NVDA,0.026766746919699713,0.09361915,1,1,Buy,1.0,17792.185299164823,7792.185299164823
2025-06-04,NVDA,0.0003523111612175889,0.10006407,1,1,Buy,1.0,17798.45368462817,7798.45368462817
2025-06-05,NVDA,0.03357382670190723,0.1022179,1,1,Buy,1.0,18396.015884197797,8396.015884197797
2025-06-06,NVDA,0.01693480101608813,0.08340084,1,1,Buy,1.0,18707.548752685485,8707.548752685485
2025-06-09,NVDA,0.01998177101591536,0.07445203,1,1,Buy,1.0,19081.35870813072,9081.35870813072
2025-06-10,NVDA,-0.000764101139205442,0.09105989,0,1,Buy,1.0,19066.778620204248,9066.778620204248
2025-06-11,NVDA,0.00938178253868216,0.09462409,1,1,Buy,1.0,19245.6589909322,9245.6589909322
2025-06-12,NVDA,0.020000000000000018,0.07338252,1,1,Buy,1.0,19630.572170750842,9630.572170750842
2025-06-13,NVDA,0.086919771782771,0.09681608,1,1,Buy,1.0,21336.857023797722,11336.857023797722
2025-06-16,NVDA,0.07139401479024121,0.08978213,1,1,Buy,1.0,22860.180909732,12860.180909732
2025-06-17,NVDA,0.09457396613932834,0.09752324,1,1,Buy,1.0,25022.158885027915,15022.158885027915
2025-06-18,NVDA,0.08599120153973061,0.08320787,1,1,Buy,1.0,27173.84439266951,17173.84439266951
2025-06-20,NVDA,0.06569343065693434,0.0961052,1,1,Buy,1.0,28958.98745496167,18958.98745496167
2025-06-23,NVDA,0.09072622598321445,0.08966704,1,1,Buy,1.0,31586.32709504559,21586.32709504559
2025-06-24,NVDA,0.07734956051386077,0.0764341,1,1,Buy,1.0,34029.515614094424,24029.515614094424
2025-06-25,NVDA,0.025468213336789614,0.072007254,1,1,Buy,1.0,34896.186577501794,24896.186577501794
2025-06-26,NVDA,0.03212488711134043,0.074028835,1,1,Buy,1.0,36017.22263192031,26017.22263192031
2025-06-27,NVDA,0.032519809825673596,0.07747207,1,1,Buy,1.0,37188.495862359305,27188.495862359305
2025-06-30,NVDA,0.03867333375530091,0.074266866,1,1,Buy,1.0,38626.698974701954,28626.698974701954
2025-07-01,NVDA,0.07579908675799074,0.099428914,1,1,Buy,1.0,41554.56748146018,31554.56748146018
2025-07-02,NVDA,0.04337042925278212,0.08817021,1,1,Buy,1.0,43356.80691054481,33356.80691054481
2025-07-03,NVDA,0.07129408811346805,0.08842567,1,1,Buy,1.0,46447.89092274381,36447.89092274381
2025-07-07,NVDA,0.08297522750252773,0.08472324,1,1,Buy,1.0,50301.91523907107,40301.91523907107
2025-07-08,NVDA,0.08125000000000004,0.08463973,1,1,Buy,1.0,54388.9458522456,44388.9458522456
2025-07-09,NVDA,0.058509332023575666,0.0757475,1,1,Buy,1.0,57571.20674352691,47571.20674352691
2025-07-10,NVDA,0.044363193174893345,0.08804627,1,1,Buy,1.0,60125.24930960172,50125.24930960172
2025-07-11,NVDA,0.012794081979141447,0.08236784,1,1,Buy,1.0,60894.49667828508,50894.49667828508
2025-07-14,NVDA,0.040897178033766135,0.07587404,1,1,Buy,1.0,63384.90975021349,53384.90975021349
2025-07-15,NVDA,0.017809021675454062,0.08457405,1,1,Buy,1.0,64513.73298185174,54513.73298185174
2025-07-16,NVDA,0.01242924665927525,0.08200658,1,1,Buy,1.0,65315.590081993796,55315.590081993796
2025-07-17,NVDA,0.021676300578034713,0.07541929,1,1,Buy,1.0,66731.3904450428,56731.390445042794
2025-07-18,NVDA,0.017980395568702567,0.08239037,1,1,Buy,1.0,67931.2472420942,57931.24724209421
2025-07-21,NVDA,0.046038044112498566,0.07614893,1,1,Buy,1.0,71058.66899924279,61058.668999242786
2025-07-22,NVDA,0.0648985212237323,0.09130076,1,1,Buy,1.0,75670.27153742031,65670.27153742031
2025-07-23,NVDA,0.017215130577350912,0.07598688,1,1,Buy,1.0,76972.9451427606,66972.9451427606
2025-07-24,NVDA,0.03603085069644285,0.08800626,1,1,Buy,1.0,79746.34583686489,69746.34583686489
2025-07-25,NVDA,0.02743515850144096,0.08320367,1,1,Buy,1.0,81934.19947481,71934.19947481
2025-07-28,NVDA,0.015106082036774993,0.08383968,1,1,Buy,1.0,83171.90421369397,73171.90421369397
2025-07-29,NVDA,0.029969802290467973,0.08621964,1,1,Buy,1.0,85664.54973910011,75664.54973910011
2025-07-30,NVDA,0.019133151112846525,0.08502388,1,1,Buy,1.0,87303.58251427228,77303.58251427228
2025-07-31,NVDA,0.02355653005003644,0.09192114,1,1,Buy,1.0,89360.15197924557,79360.15197924557
2025-08-01,NVDA,0.054340317752705536,0.09205552,1,1,Buy,1.0,94216.01103222783,84216.01103222783
2025-08-04,NVDA,0.008833333333333249,0.063445315,1,1,Buy,1.0,95048.25246301251,85048.25246301251
2025-08-05,NVDA,0.02109278581846752,0.06922418,1,1,Buy,1.0,97053.08489463446,87053.08489463446
2025-08-06,NVDA,0.005740720098093899,0.07243598,1,1,Buy,1.0,97610.2394896711,87610.2394896711
2025-08-07,NVDA,0.006859545278530721,0.070960514,1,1,Buy,1.0,98279.80134709874,88279.80134709874
2025-08-08,NVDA,-0.03864258347016969,0.07893843,0,1,Buy,1.0,94482.01592011178,84482.01592011178
2025-08-11,NVDA,-0.036581346808744364,0.080443345,0,1,Buy,1.0,91025.73652854886,81025.73652854886
2025-08-12,NVDA,-0.044660406202227554,0.07513741,0,1,Buy,1.0,86960.49016032692,76960.49016032692
2025-08-13,NVDA,-0.019824880224681984,0.064433984,0,1,Buy,1.0,85236.5088586188,75236.5088586188
2025-08-14,NVDA,-0.01214152290957038,0.06441438,0,1,Buy,1.0,84201.60783358008,74201.60783358008
2025-08-15,NVDA,0.007315045719035851,0.06590051,1,1,Buy,1.0,84817.54644449905,74817.54644449905
2025-08-18,NVDA,-0.0022526234822262126,0.060806256,0,1,Buy,1.0,84626.48444767336,74626.48444767336
2025-08-19,NVDA,0.02579139148257803,0.08870897,1,1,Buy,1.0,86809.1192378576,76809.1192378576
2025-08-20,NVDA,-0.006955530216647632,0.101857916,0,1,Buy,1.0,86205.31578591811,76205.31578591811
2025-08-21,NVDA,-0.02400274317064799,0.10805699,0,1,Buy,1.0,84136.15173116411,74136.15173116411
2025-08-22,NVDA,-0.04140682060789935,0.09853365,0,1,Buy,1.0,80652.3411897928,70652.3411897928
2025-08-25,NVDA,-0.04532562148934993,0.09294472,0,1,Buy,1.0,76996.72370079435,66996.72370079435
2025-08-26,NVDA,-0.08114650382351318,0.083159894,0,1,Buy,1.0,70748.70876660985,60748.70876660985
2025-08-27,NVDA,-0.07318281938325988,0.09976212,0,1,Buy,1.0,65571.11879134418,55571.11879134418
2025-08-28,NVDA,-0.0522284509074763,0.09154833,0,1,Buy,1.0,62146.440832602166,52146.440832602166
2025-08-29,NVDA,0.01808473992421633,0.11529467,1,1,Buy,1.0,63270.34305227547,53270.34305227547
2025-09-02,NVDA,0.03741655931607912,0.10296909,1,1,Buy,1.0,65637.70159603961,55637.70159603961
2025-09-03,NVDA,0.042199038799671795,0.09988971,1,1,Buy,1.0,68407.54951241217,58407.549512412166
2025-09-04,NVDA,0.035477105907025575,0.10744328,1,1,Buy,1.0,70834.45139130412,60834.451391304116
2025-09-05,NVDA,0.047060232307508,0.08356574,1,1,Buy,1.0,74167.93712915377,64167.93712915377
2025-09-08,NVDA,0.011764006892044376,0.089369334,1,1,Buy,1.0,75040.44925270985,65040.44925270985
2025-09-09,NVDA,0.03209182478332173,0.08776596,1,1,Buy,1.0,77448.63420178957,67448.63420178957
2025-09-10,NVDA,-0.003721874471324771,0.09980445,0,1,Buy,1.0,77160.38010731495,67160.38010731495
2025-09-11,NVDA,0.036349269063611356,0.09995962,1,1,Buy,1.0,79965.10352488626,69965.10352488626
2025-09-12,NVDA,0.0034304352716230113,0.104482755,1,1,Buy,1.0,80239.41863651702,70239.41863651702
2025-09-15,NVDA,-0.004388185654008447,0.09359544,0,1,Buy,1.0,79887.31317077027,69887.31317077027
2025-09-16,NVDA,0.016068161024702654,0.087245636,1,1,Buy,1.0,81170.95538262905,71170.95538262905
2025-09-17,NVDA,0.046391449879617186,0.091110095,1,1,Buy,1.0,84936.59369094293,74936.59369094293
2025-09-18,NVDA,0.031831593281888226,0.09962922,1,1,Buy,1.0,87640.26079606202,77640.26079606202
2025-09-19,NVDA,0.056093281258844385,0.09542735,1,1,Buy,1.0,92556.290594494,82556.290594494
2025-09-22,NVDA,0.019770165023691444,0.0815631,1,1,Buy,1.0,94386.14373352789,84386.14373352789
2025-09-23,NVDA,0.05862242896373915,0.08928584,1,1,Buy,1.0,99919.2887397079,89919.2887397079
2025-09-24,NVDA,0.06017969147313118,0.07944236,1,1,Buy,1.0,105932.40070827823,95932.40070827823
2025-09-25,NVDA,0.04417806291856596,0.08655882,1,1,Buy,1.0,110612.28897188329,100612.28897188329
2025-09-26,NVDA,0.038442112351983804,0.08741697,1,1,Buy,1.0,114864.45901205053,104864.45901205053
2025-09-29,NVDA,0.03992301347264249,0.08362995,1,1,Buy,1.0,119450.19435671641,109450.19435671641
2025-09-30,NVDA,0.0321041912316431,0.08162983,1,1,Buy,1.0,123285.04623900137,113285.04623900137
2025-10-01,NVDA,-0.021790215765862042,0.078022316,0,1,Buy,1.0,120598.63848074926,110598.63848074926
2025-10-02,NVDA,-0.003017629308062819,0.07470804,0,1,Buy,1.0,120234.71649475727,110234.71649475727
2025-10-03,NVDA,-0.040454109370003266,0.07257815,0,1,Buy,1.0,115370.72812360703,105370.72812360703
2025-10-06,NVDA,-0.03077503503287693,0.08819913,0,1,Buy,1.0,111820.1899238345,101820.1899238345
2025-10-07,NVDA,-0.017455685257241615,0.09448489,0,1,Buy,1.0,109868.29188311908,99868.29188311908
2025-10-08,NVDA,-0.03114589392417122,0.08655218,0,1,Buy,1.0,106446.34571849757,96446.34571849757
2025-10-09,NVDA,-0.051565664433712466,0.08416983,0,1,Buy,1.0,100957.36917498258,90957.36917498258
2025-10-10,NVDA,-0.010919414719371079,0.122288205,0,1,Buy,1.0,99854.9737919843,89854.9737919843
2025-10-13,NVDA,-0.04269328802039074,0.09319984,0,1,Buy,1.0,95591.83663561454,85591.83663561454
2025-10-14,NVDA,0.011831361439760046,0.09429929,1,1,Buy,1.0,96722.818205541,86722.818205541
2025-10-15,NVDA,0.03575599177000499,0.09993413,1,1,Buy,1.0,100181.23849727001,90181.23849727001
2025-10-16,NVDA,0.053242395907815876,0.10481569,1,1,Buy,1.0,105515.12765987699,95515.12765987699
2025-10-17,NVDA,0.09720554524615221,0.09818029,1,1,Buy,1.0,115771.7831757727,105771.7831757727
2025-10-20,NVDA,0.1335961454226895,0.105008826,1,1,Buy,1.0,131238.4471567673,121238.4471567673
2025-10-21,NVDA,0.1199492161625082,0.09730493,1,1,Buy,1.0,146980.3960236063,136980.3960236063
2025-10-22,NVDA,0.12319724872420679,0.113090016,1,1,Buy,1.0,165087.97643010895,155087.97643010895
2025-10-23,NVDA,0.13570487483530957,0.089387104,1,1,Buy,1.0,187491.2196083714,177491.2196083714
2025-10-24,NVDA,0.06673467196392147,0.078692265,1,1,Buy,1.0,200003.38464505164,190003.38464505164
2025-10-27,NVDA,0.019426601911326946,0.08022803,1,1,Buy,1.0,203888.77077946905,193888.77077946905
2025-10-28,NVDA,-0.06441824603293034,0.074050024,0,1,Buy,1.0,190754.61378004547,180754.61378004547
2025-10-29,NVDA,-0.09123840803709427,0.07068387,0,1,Buy,1.0,173350.46649302336,163350.46649302336
2025-10-30,NVDA,-0.01892651190300154,0.10123748,0,1,Buy,1.0,170069.54682555227,160069.54682555227
2025-10-31,NVDA,-0.04607634944935557,0.094267696,0,1,Buy,1.0,162233.36295532458,152233.36295532458
2025-11-03,NVDA,-0.06322505800464029,0.0973116,0,1,Buy,1.0,151976.14917218633,141976.14917218633
2025-11-04,NVDA,-0.05953998691428852,0.10047434,0,1,Buy,1.0,142927.4912391904,132927.4912391904
2025-11-05,NVDA,-0.025818349469801882,0.0847116,0,1,Buy,1.0,139237.33932153494,129237.33932153494
2025-11-06,NVDA,-0.00786899191833268,0.09788322,0,1,Buy,1.0,138141.68182368364,128141.68182368364
2025-11-07,NVDA,-0.03608822747807594,0.07544694,0,1,Buy,1.0,133156.39338582655,123156.39338582655
2025-11-10,NVDA,-0.0629490077869882,0.10222264,0,1,Buy,1.0,124774.33054169489,114774.33054169489
2025-11-11,NVDA,-0.06481673224270046,0.09943447,0,1,Buy,1.0,116686.86616821165,106686.86616821165
2025-11-12,NVDA,-0.07698658410732717,0.098764375,0,1,Buy,1.0,107703.5429317322,97703.5429317322
2025-11-13,NVDA,-0.02306539655356954,0.124296695,0,1,Buy,1.0,105219.3180037874,95219.3180037874
2025-11-14,NVDA,-0.06494189409475726,0.12287587,0,1,Buy,1.0,98386.17619726284,88386.17619726284
2025-11-17,NVDA,-0.03397642015005364,0.1244698,0,1,Buy,1.0,95043.36613782744,85043.36613782744
2025-11-18,NVDA,-0.02404058226731376,0.1268489,0,1,Buy,1.0,92758.46827522857,82758.46827522857
2025-11-19,NVDA,-0.035384945314175575,0.11342638,0,1,Buy,1.0,89476.21494788292,79476.21494788292
2025-11-20,NVDA,0.0045394154118689745,0.12023976,1,1,Buy,1.0,89882.38465701304,79882.38465701304
2025-11-21,NVDA,0.003969141323792558,0.11723501,1,1,Buy,1.0,90239.14054423622,80239.14054423622
2025-11-24,NVDA,0.004546699534374143,0.10496664,1,1,Buy,1.0,90649.43080253102,80649.43080253102
2025-11-25,NVDA,0.02581261950286806,0.12962243,1,1,Buy,1.0,92989.33006798831,82989.33006798831
2025-11-26,NVDA,0.029346499500721324,0.125749,1,1,Buy,1.0,95718.24139640095,85718.24139640095
2025-11-28,NVDA,0.045028248587570596,0.1015052,1,1,Buy,1.0,100028.26616436317,90028.26616436317
2025-12-01,NVDA,0.02145397954646522,0.11612777,1,1,Buy,1.0,102174.2705407218,92174.2705407218
2025-12-02,NVDA,-0.0029207538851537818,0.11361903,0,1,Buy,1.0,101875.84464307723,91875.84464307723
2025-12-03,NVDA,-0.02544685116097778,0.11865929,0,1,Buy,1.0,99283.42518754594,89283.42518754594
2025-12-04,NVDA,-0.038662885810884506,0.109143995,0,1,Buy,1.0,95444.84145660636,85444.84145660636
2025-12-05,NVDA,-0.025711309686968886,0.11425477,0,1,Buy,1.0,92990.8295798919,82990.8295798919
2025-12-08,NVDA,-0.07873888439773657,0.120756686,0,1,Buy,1.0,85668.83539955117,75668.83539955117
2025-12-09,NVDA,-0.05855003514083368,0.09964599,0,1,Buy,1.0,80652.92207643315,70652.92207643315
2025-12-10,NVDA,-0.01518119490695391,0.108824305,0,1,Buy,1.0,79428.51434657545,69428.51434657545
2025-12-11,NVDA,0.015254518322002975,0.07565781,1,1,Buy,1.0,80640.15807396476,70640.15807396476
2025-12-12,NVDA,0.08107644840589656,0.082373396,1,1,Buy,1.0,87178.17568949191,77178.17568949191
2025-12-15,NVDA,0.06988484882863477,0.08600107,1,1,Buy,1.0,93270.60931870822,83270.60931870822
2025-12-16,NVDA,0.0720796758946658,0.073827855,1,1,Buy,1.0,99993.5246088987,89993.5246088987
2025-12-17,NVDA,0.10108810108810107,0.07513706,1,1,Buy,1.0,110101.68013271858,100101.68013271858
2025-12-18,NVDA,0.07694958079705994,0.09624639,1,1,Buy,1.0,118573.95826398327,108573.95826398327
2025-12-19,NVDA,0.03618984474280329,0.10896755,1,1,Buy,1.0,122865.13140409646,112865.13140409646
2025-12-22,NVDA,0.028090805160868815,0.11763754,1,1,Buy,1.0,126316.51187143348,116316.51187143348
2025-12-23,NVDA,-0.005760794883991394,0.07205202,0,1,Buy,1.0,125588.82835608089,115588.82835608089
2025-12-24,NVDA,-0.0072636657653358805,0.08698472,0,1,Buy,1.0,124676.59308304219,114676.59308304219
2025-12-26,NVDA,-0.007452894557287482,0.10288922,0,1,Buy,1.0,123747.39158103244,113747.39158103244
2025-12-29,NVDA,-0.016895122728721734,0.119165,0,1,Buy,1.0,121656.66421291171,111656.66421291171
2025-12-30,NVDA,-0.014290284739255532,0.1168658,0,1,Buy,1.0,119918.1558408812,109918.1558408812
2025-12-31,NVDA,-0.013863709075397246,0.11506838,0,1,Buy,1.0,118255.64541544508,108255.64541544508
2026-01-02,NVDA,-0.016097431824199093,0.091167524,0,1,Buy,1.0,116352.03322554329,106352.03322554329
2026-01-05,NVDA,-0.026472464384435512,0.08228987,0,1,Buy,1.0,113271.90816992344,103271.90816992344
2026-01-06,NVDA,-0.0010147404400768778,0.08343865,0,1,Buy,1.0,113156.96658397875,103156.96658397875
2026-01-07,NVDA,-0.015229231664110943,0.08868946,0,1,Buy,1.0,111433.67292546328,101433.67292546328
2026-01-08,NVDA,-0.03766753134457412,0.090453744,0,1,Buy,1.0,107236.24155770238,97236.24155770238
2026-01-09,NVDA,-0.008330628583793298,0.07982367,0,1,Buy,1.0,106342.89625856323,96342.89625856323
2026-01-12,NVDA,-0.0005407159078619772,0.08292406,0,1,Buy,1.0,106285.3949628681,96285.3949628681
2026-01-13,NVDA,0.010010225499165637,0.076067425,1,1,Buy,1.0,107349.3357337143,97349.3357337143
2026-01-14,NVDA,0.018182810964289642,0.11032496,1,1,Buy,1.0,109301.24841250248,99301.24841250248
2026-01-15,NVDA,0.00785886126704094,0.113793865,1,1,Buy,1.0,110160.23176009071,100160.23176009071
2026-01-16,NVDA,0.0284057348440101,0.12575723,1,1,Buy,1.0,113289.41409382255,103289.41409382255
2026-01-20,NVDA,0.08109170550906941,0.090888664,1,1,Buy,1.0,122476.24589881382,112476.24589881382
2026-01-21,NVDA,0.042603098407156814,0.11475391,1,1,Buy,1.0,127694.11345538012,117694.11345538012
2026-01-22,NVDA,0.004165764985933906,0.11783437,1,1,Buy,1.0,128226.05712212242,118226.05712212242
2026-01-23,NVDA,-0.039057920818457825,0.11901886,0,1,Buy,1.0,123217.81393618352,113217.81393618352
2026-01-26,NVDA,-0.06585509733469186,0.113050014,0,1,Buy,1.0,115103.29280604821,105103.29280604821
2026-01-27,NVDA,-0.08826649692340338,0.11144395,0,1,Buy,1.0,104943.52836570956,94943.52836570956
2026-01-28,NVDA,-0.03190267335004182,0.10232811,0,1,Buy,1.0,101595.54926005748,91595.54926005748
2026-01-29,NVDA,-0.012830502311568237,0.074820474,0,1,Buy,1.0,100292.02733043127,90292.02733043127
2026-01-30,NVDA,-0.013550986239732166,0.07999897,0,1,Buy,1.0,98932.97144812175,88932.97144812175
2026-02-02,NVDA,0.023921124939389138,0.10152306,1,1,Buy,1.0,101299.55941875729,91299.55941875729
2026-02-03,NVDA,0.03659753798380838,0.10847114,1,1,Buy,1.0,105006.87389232831,95006.87389232831
2026-02-04,NVDA,0.04948619323726966,0.10096524,1,1,Buy,1.0,110203.26434500568,100203.26434500568
2026-02-05,NVDA,0.07615778450081456,0.10879115,1,1,Buy,1.0,118596.10080227892,108596.10080227892
2026-02-06,NVDA,0.013861172536540511,0.094998375,1,1,Buy,1.0,120239.98181766026,110239.98181766026
2026-02-09,NVDA,-0.011260787202694078,0.09027171,0,1,Buy,1.0,118885.98496915578,108885.98496915578
2026-02-10,NVDA,0.006789010289593778,0.107952006,1,1,Buy,1.0,119693.10314439987,109693.10314439987
2026-02-11,NVDA,0.007892659826361559,0.093936235,1,1,Buy,1.0,120637.80009108022,110637.80009108022
2026-02-12,NVDA,0.0316144217395955,0.12605602,1,1,Buy,1.0,124451.69438089665,114451.69438089665
2026-02-13,NVDA,0.06974454351512493,0.1184255,1,1,Buy,1.0,133131.52099517614,123131.52099517614
2026-02-17,NVDA,-0.00043250256798410547,0.115958646,0,1,Buy,1.0,133073.94127046608,123073.94127046608
2026-02-18,NVDA,-0.057399723374827016,0.12100556,0,1,Buy,1.0,125435.53385314335,115435.53385314335
