Date,Actual Return,Predicted Return,Signal,Stock
2025-01-02,-0.04334631945868359,-0.038312737,Avoid,AAPL
2025-01-02,-0.011170647534283934,-0.096874945,Avoid,AMZN
2025-01-02,0.0012141688222561883,-0.061279815,Avoid,GOOGL
2025-01-02,-0.00695207606670163,0.022966024,Buy,MSFT
2025-01-02,-0.047357385583110485,0.10961709,Buy,NVDA
2025-01-03,-0.02255917159763317,-0.039781466,Avoid,AAPL
2025-01-03,-0.003746821892145071,-0.10911485,Avoid,AMZN
2025-01-03,0.019604776057145938,-0.06100582,Avoid,GOOGL
2025-01-03,0.006991850714538749,0.01536141,Hold,MSFT
2025-01-03,-0.05696684432754198,0.08673137,Buy,NVDA
2025-01-06,-0.06832653061224493,-0.038940705,Avoid,AAPL
2025-01-06,-0.03053468652519668,-0.09565153,Avoid,AMZN
2025-01-06,-0.02011479656626204,-0.06622354,Avoid,GOOGL
2025-01-06,-0.007642865490241997,0.0147648575,Hold,MSFT
2025-01-06,-0.10613665261326383,0.09913372,Buy,NVDA
2025-01-07,-0.050493373518847355,-0.028667677,Avoid,AAPL
2025-01-07,0.01724370807257658,-0.104447894,Avoid,AMZN
2025-01-07,0.002608829096117402,-0.062323324,Avoid,GOOGL
2025-01-07,0.01576816535265281,0.015769113,Hold,MSFT
2025-01-07,-0.017339803054088616,0.07674452,Buy,NVDA
2025-01-08,-0.08265348166460652,-0.027296968,Avoid,AAPL
2025-01-08,0.03862602980236804,-0.11041853,Avoid,AMZN
2025-01-08,0.02113946893529272,-0.059241433,Avoid,GOOGL
2025-01-08,0.00928019596758997,0.016151175,Hold,MSFT
2025-01-08,0.00513881949896509,0.10588178,Buy,NVDA
2025-01-10,-0.054971500949968256,-0.02673677,Avoid,AAPL
2025-01-10,0.0733991047775646,-0.09979893,Avoid,AMZN
2025-01-10,0.03296188294105401,-0.06094503,Avoid,GOOGL
2025-01-10,0.06504356128416279,0.018165248,Hold,MSFT
2025-01-10,0.08211316312265468,0.11097438,Buy,NVDA
2025-01-13,-0.04581911262798639,-0.024321212,Avoid,AAPL
2025-01-13,0.0776343495376727,-0.10762685,Avoid,AMZN
2025-01-13,0.036490236113292496,-0.059285518,Avoid,GOOGL
2025-01-13,0.0707591265370694,0.01648399,Hold,MSFT
2025-01-13,0.10500637994445704,0.09522062,Buy,NVDA
2025-01-14,-0.04501028806584362,-0.016392365,Avoid,AAPL
2025-01-14,0.07848089639970612,-0.10675545,Avoid,AMZN
2025-01-14,0.05562585679637252,-0.055132017,Avoid,GOOGL
2025-01-14,0.06829937209805852,0.013190982,Hold,MSFT
2025-01-14,0.08242258652094729,0.091853306,Buy,NVDA
2025-01-15,-0.033673855467272,-0.022146242,Avoid,AAPL
2025-01-15,0.05404074322811728,-0.10794164,Avoid,AMZN
2025-01-15,-0.01912554333929946,-0.061931923,Avoid,GOOGL
2025-01-15,0.019352114658347214,0.012983287,Hold,MSFT
2025-01-15,-0.1307985907222549,0.113767676,Buy,NVDA
2025-01-16,0.043809690703583634,-0.017409094,Avoid,AAPL
2025-01-16,0.07926221335992029,-0.10184076,Avoid,AMZN
2025-01-16,0.012389197034886812,-0.048395,Avoid,GOOGL
2025-01-16,0.05327617881200246,0.0155639835,Hold,MSFT
2025-01-16,-0.03428913678221146,0.07541914,Buy,NVDA
2025-01-17,0.04078615531785383,-0.0122703295,Avoid,AAPL
2025-01-17,0.0492608657165619,-0.10981447,Avoid,AMZN
2025-01-17,-0.0030102040816326705,-0.060949538,Avoid,GOOGL
2025-01-17,0.031000163158753497,0.016110199,Hold,MSFT
2025-01-17,-0.10173553118872997,0.098614685,Buy,NVDA
2025-01-21,0.0671487603305786,0.002661001,Hold,AAPL
2025-01-21,0.01703437215551982,-0.11361276,Avoid,AMZN
2025-01-21,0.014238828578641722,-0.061752584,Avoid,GOOGL
2025-01-21,-0.031528588098016314,0.01909584,Hold,MSFT
2025-01-21,-0.114890293261379,0.08232799,Buy,NVDA
2025-01-22,0.05437162131975154,-0.0042608324,Avoid,AAPL
2025-01-22,0.01136121867154596,-0.11666012,Avoid,AMZN
2025-01-22,0.028482129354237058,-0.06124491,Avoid,GOOGL
2025-01-22,-0.06978933213805466,0.0056151003,Hold,MSFT
2025-01-22,-0.18358604746039303,0.10743465,Buy,NVDA
2025-01-23,0.019449163909505473,-0.0045253225,Avoid,AAPL
2025-01-23,0.008495454931611588,-0.114895925,Avoid,AMZN
2025-01-23,0.01641579957571472,-0.05822039,Avoid,GOOGL
2025-01-23,-0.08011909292382074,0.008517454,Hold,MSFT
2025-01-23,-0.20758049178100804,0.11386469,Buy,NVDA
2025-01-24,0.04497710746027476,0.0006198115,Hold,AAPL
2025-01-24,0.030700447093889752,-0.114895925,Avoid,AMZN
2025-01-24,0.030817641476449664,-0.052159835,Avoid,GOOGL
2025-01-24,-0.07136423005900103,0.013229171,Hold,MSFT
2025-01-24,-0.1680689945309213,0.11735514,Buy,NVDA
2025-01-27,0.011354737666405573,-0.011679351,Avoid,AAPL
2025-01-27,0.0031857955993543456,-0.10735383,Avoid,AMZN
2025-01-27,-0.0025024764089462996,-0.041360784,Avoid,GOOGL
2025-01-27,-0.04894606038291601,0.019770226,Hold,MSFT
2025-01-27,0.05412937003884476,0.08479813,Buy,NVDA
2025-01-28,-0.021153361873583448,-0.01777381,Avoid,AAPL
2025-01-28,0.0028553432710476875,-0.098934844,Avoid,AMZN
2025-01-28,-0.018945212493599678,-0.05766985,Avoid,GOOGL
2025-01-28,-0.07016994633273702,0.015700446,Hold,MSFT
2025-01-28,-0.002403287076517577,0.11824288,Buy,NVDA
2025-01-29,-0.04900568181818189,-0.01729502,Avoid,AAPL
2025-01-29,-0.03340785422027244,-0.1002645,Avoid,AMZN
2025-01-29,-0.05153267488869553,-0.042667,Avoid,GOOGL
2025-01-29,-0.07365541563990682,0.024954451,Buy,MSFT
2025-01-29,0.04963621665319321,0.10094286,Buy,NVDA
2025-01-30,-0.041836777642156646,-0.021900363,Avoid,AAPL
2025-01-30,-0.006392771905898398,-0.08887039,Avoid,AMZN
2025-01-30,-0.07168815651914176,-0.054909747,Avoid,GOOGL
2025-01-30,-0.006674859635171888,-0.003205756,Avoid,MSFT
2025-01-30,0.07156036903329312,0.094063416,Buy,NVDA
2025-01-31,-0.014322033898305065,-0.024756402,Avoid,AAPL
2025-01-31,-0.02070010097610239,-0.09472243,Avoid,AMZN
2025-01-31,-0.09165768061954718,-0.05169599,Avoid,GOOGL
2025-01-31,-0.008721630607623005,0.001532477,Hold,MSFT
2025-01-31,0.1060214874656452,0.091828786,Buy,NVDA
2025-02-03,0.038857944826981336,-0.009736007,Avoid,AAPL
2025-02-03,-0.03575941369724531,-0.09355036,Avoid,AMZN
2025-02-03,-0.08756149679471241,-0.052249487,Avoid,GOOGL
2025-02-03,-0.004575099776112128,0.005475407,Hold,MSFT
2025-02-03,0.12412137836447788,0.028431628,Buy,NVDA
2025-02-04,0.03749999999999996,-0.0223263,Avoid,AAPL
2025-02-04,-0.04829381145170618,-0.10234445,Avoid,AMZN
2025-02-04,-0.09807151855799985,-0.05803633,Avoid,GOOGL
2025-02-04,-0.004437762203846022,0.0034779275,Hold,MSFT
2025-02-04,0.1402444163506109,0.016301375,Hold,NVDA
2025-02-05,0.05217877575601151,-0.019814748,Avoid,AAPL
2025-02-05,-0.031714442985984595,-0.10125752,Avoid,AMZN
2025-02-05,-0.03188208853812796,-0.027623117,Avoid,GOOGL
2025-02-05,-0.0117592973456895,0.0006913705,Hold,MSFT
2025-02-05,0.11231274533365374,0.06725818,Buy,NVDA
2025-02-06,0.04823771546179573,-0.03333372,Avoid,AAPL
2025-02-06,-0.050998618264037204,-0.10718937,Avoid,AMZN
2025-02-06,-0.04086638830897695,-0.04571668,Avoid,GOOGL
2025-02-06,-0.01486219999038047,0.0017709093,Hold,MSFT
2025-02-06,0.08330742928193968,0.062279075,Buy,NVDA
2025-02-07,0.07573694152791816,-0.020073518,Avoid,AAPL
2025-02-07,-0.010997163430067685,-0.09394725,Avoid,AMZN
2025-02-07,-0.0003776842559619789,-0.02473874,Avoid,GOOGL
2025-02-07,0.012251372788285496,0.005805082,Hold,MSFT
2025-02-07,0.07231977818853963,0.09092765,Buy,NVDA
2025-02-10,0.07985943334065454,-0.031360038,Avoid,AAPL
2025-02-10,-0.0440078922535815,-0.11307262,Avoid,AMZN
2025-02-10,-0.010242934520298152,-0.03798867,Avoid,GOOGL
2025-02-10,0.009485226335451865,0.0038055254,Hold,MSFT
2025-02-10,0.048963090514337206,0.07702839,Buy,NVDA
2025-02-11,0.055584214598916715,-0.036233604,Avoid,AAPL
2025-02-11,-0.0695136621412613,-0.10191107,Avoid,AMZN
2025-02-11,-0.03054176559464708,-0.028486788,Avoid,GOOGL
2025-02-11,-0.007850476375656276,0.0019266389,Hold,MSFT
2025-02-11,0.012274096385542133,0.07840568,Buy,NVDA
2025-02-12,0.04318824671760877,-0.04211366,Avoid,AAPL
2025-02-12,-0.07085135194164155,-0.09431088,Avoid,AMZN
2025-02-12,-0.023745983334241126,-0.02998441,Avoid,GOOGL
2025-02-12,-0.012321533346372043,0.00031520307,Hold,MSFT
2025-02-12,-0.0065578770779318694,0.072246894,Buy,NVDA
2025-02-13,0.022812901088891613,-0.058881074,Avoid,AAPL
2025-02-13,-0.07626861136432692,-0.07566228,Avoid,AMZN
2025-02-13,-0.05759106049210272,-0.036755547,Avoid,GOOGL
2025-02-13,-0.030788717299167056,-0.0002507084,Avoid,MSFT
2025-02-13,-0.06401064380220266,0.07466083,Buy,NVDA
2025-02-14,-0.01733442354865078,-0.058241133,Avoid,AAPL
2025-02-14,-0.06266398460731158,-0.10199635,Avoid,AMZN
2025-02-14,-0.06748366895211359,-0.049921963,Avoid,GOOGL
2025-02-14,-0.021301079744387014,0.007805552,Hold,MSFT
2025-02-14,-0.05451926539431036,0.05594448,Buy,NVDA
2025-02-18,-0.029328751994109656,-0.055839,Avoid,AAPL
2025-02-18,-0.07902051621442752,-0.07287067,Avoid,AMZN
2025-02-18,-0.08309299668063345,-0.04703818,Avoid,GOOGL
2025-02-18,-0.04176838199394594,0.0069267317,Hold,MSFT
2025-02-18,-0.13809182209469154,0.06023684,Buy,NVDA
2025-02-19,-0.01237391268836526,-0.05248743,Avoid,AAPL
2025-02-19,-0.06331906631955167,-0.09327313,Avoid,AMZN
2025-02-19,-0.08090894370378371,-0.0655392,Avoid,GOOGL
2025-02-19,-0.04286713118113647,0.009240656,Hold,MSFT
2025-02-19,-0.10277957336780859,0.051139537,Buy,NVDA
2025-02-20,-0.03172924378635647,-0.058676098,Avoid,AAPL
2025-02-20,-0.0801328068916008,-0.063202195,Avoid,AMZN
2025-02-20,-0.09509102730819252,-0.052098256,Avoid,GOOGL
2025-02-20,-0.0664215509576334,0.013439686,Hold,MSFT
2025-02-20,-0.18592534437227898,0.07753175,Buy,NVDA
2025-02-21,-0.03917735695377725,-0.059249315,Avoid,AAPL
2025-02-21,-0.05900821867208422,-0.058222394,Avoid,AMZN
2025-02-21,-0.04864744517421802,-0.0394341,Avoid,GOOGL
2025-02-21,-0.04801450233948205,0.013020963,Hold,MSFT
2025-02-21,-0.13717176225544903,0.06253542,Buy,NVDA
2025-02-24,-0.04597329016592467,-0.05476201,Avoid,AAPL
2025-02-24,-0.020450378449532198,-0.06093582,Avoid,AMZN
2025-02-24,-0.03475592747559269,-0.0451895,Avoid,GOOGL
2025-02-24,-0.007376237623762421,0.013740508,Hold,MSFT
2025-02-24,-0.0996315627878416,0.061379038,Buy,NVDA
2025-02-25,-0.047401230569948105,-0.053789236,Avoid,AAPL
2025-02-25,-0.0568609022556392,-0.059806325,Avoid,AMZN
2025-02-25,-0.01750085509063957,-0.040639378,Avoid,GOOGL
2025-02-25,-0.0025383262126162124,0.013768265,Hold,MSFT
2025-02-25,-0.12682618652767907,0.07550057,Buy,NVDA
2025-02-26,-0.00536694957563663,-0.05613142,Avoid,AAPL
2025-02-26,-0.07044553300676461,-0.06332889,Avoid,AMZN
2025-02-26,0.006542001968390112,-0.036574755,Avoid,GOOGL
2025-02-26,-0.016060841067720752,0.009023137,Hold,MSFT
2025-02-26,-0.14160572821450337,0.06305455,Buy,NVDA
2025-02-27,-0.04138221660345563,-0.053335823,Avoid,AAPL
2025-02-27,-0.06802721088435382,-0.062023625,Avoid,AMZN
2025-02-27,-0.01560830860534122,-0.024685439,Avoid,GOOGL
2025-02-27,-0.03151351489058148,0.011578477,Hold,MSFT
2025-02-27,-0.10961298377028715,0.086261466,Buy,NVDA
2025-02-28,-0.08683427059212702,-0.0583065,Avoid,AAPL
2025-02-28,-0.07391181458451102,-0.078354225,Avoid,AMZN
2025-02-28,-0.03664552501761809,-0.02783051,Avoid,GOOGL
2025-02-28,-0.04166351797274496,0.010481095,Hold,MSFT
2025-02-28,-0.12936279218699964,0.097200766,Buy,NVDA
2025-03-03,-0.08843423097928838,-0.053577494,Avoid,AAPL
2025-03-03,-0.029899521997853982,-0.069019385,Avoid,AMZN
2025-03-03,0.0005987665409258292,-0.020545267,Avoid,GOOGL
2025-03-03,-0.013436639295734838,0.019048534,Hold,MSFT
2025-03-03,0.014729089952656432,0.08275585,Buy,NVDA
2025-03-04,-0.11126181494511084,-0.038607012,Avoid,AAPL
2025-03-04,-0.04862610402355262,-0.05946525,Avoid,AMZN
2025-03-04,-0.04774163351275449,-0.040869467,Avoid,GOOGL
2025-03-04,-0.025321015928565994,0.010891566,Hold,MSFT
2025-03-04,-0.0035347874816794257,0.07049857,Buy,NVDA
2025-03-05,-0.09438364299652159,-0.039476097,Avoid,AAPL
2025-03-05,-0.04996160491457105,-0.09483266,Avoid,AMZN
2025-03-05,-0.04352098023349902,-0.05351029,Avoid,GOOGL
2025-03-05,-0.031070769537678868,0.012150448,Hold,MSFT
2025-03-05,0.037254901960784355,0.05457666,Buy,NVDA
2025-03-06,-0.09063867760166579,-0.027670152,Avoid,AAPL
2025-03-06,-0.02471350274040847,-0.04093419,Avoid,AMZN
2025-03-06,-0.046765303162170015,-0.046372417,Avoid,GOOGL
2025-03-06,-0.02063544055027841,0.008685988,Hold,MSFT
2025-03-06,0.08103463869042243,0.07647715,Buy,NVDA
2025-03-07,-0.11034425063788847,-0.032860406,Avoid,AAPL
2025-03-07,-0.03227101631116691,-0.03749716,Avoid,AMZN
2025-03-07,-0.07586563901990122,-0.046349417,Avoid,GOOGL
2025-03-07,-0.024891307111438866,0.0053263283,Hold,MSFT
2025-03-07,0.024314491081728718,0.0729344,Buy,NVDA
2025-03-10,-0.05380692808158951,-0.026089406,Avoid,AAPL
2025-03-10,0.005140331037318803,-0.037170682,Avoid,AMZN
2025-03-10,-0.011937059142702225,-0.026461609,Avoid,GOOGL
2025-03-10,0.020149410774410688,0.015497291,Hold,MSFT
2025-03-10,0.09852308842774342,0.063638,Buy,NVDA
2025-03-11,-0.030519833363521143,-0.017527247,Avoid,AAPL
2025-03-11,-0.008342235108601733,-0.04002566,Avoid,AMZN
2025-03-11,-0.007559131919044018,-0.038984377,Avoid,GOOGL
2025-03-11,0.01679589959258769,0.015428793,Hold,MSFT
2025-03-11,0.08983082015446851,0.040037252,Buy,NVDA
2025-03-12,0.0059452484099917985,0.00944598,Hold,AAPL
2025-03-12,-0.013474785057066613,-0.067268,Avoid,AMZN
2025-03-12,-0.01867033690383582,-0.052251983,Avoid,GOOGL
2025-03-12,0.02084692253502755,0.003240167,Hold,MSFT
2025-03-12,0.016934508380853707,0.034434598,Buy,NVDA
2025-03-13,0.05269935139259816,0.009121804,Hold,AAPL
2025-03-13,0.04832637062251795,-0.036305904,Avoid,AMZN
2025-03-13,0.030228557385107005,-0.022728976,Avoid,GOOGL
2025-03-13,0.03778018322464821,0.0062331795,Hold,MSFT
2025-03-13,0.05044125281190516,0.06691765,Buy,NVDA
2025-03-14,0.04805845707058874,-0.004245026,Avoid,AAPL
2025-03-14,0.03920181864107108,-0.049905602,Avoid,AMZN
2025-03-14,0.030636292223095007,-0.03601464,Avoid,GOOGL
2025-03-14,0.016985793699814757,0.021691162,Buy,MSFT
2025-03-14,-0.008054573847291888,0.029636174,Buy,NVDA
2025-03-17,0.03518691588785047,-0.0023170675,Avoid,AAPL
2025-03-17,0.027536528047409758,-0.065205015,Avoid,AMZN
2025-03-17,0.004686834256497719,-0.028216839,Avoid,GOOGL
2025-03-17,0.003267301260612397,0.024171907,Buy,MSFT
2025-03-17,-0.04827240023425078,0.038800634,Buy,NVDA
2025-03-18,0.05247073205134231,-0.0019467724,Avoid,AAPL
2025-03-18,0.044290011409604924,-0.064457014,Avoid,AMZN
2025-03-18,0.00977158150245859,-0.016221417,Avoid,GOOGL
2025-03-18,0.01840842720066751,0.025189603,Buy,MSFT
2025-03-18,-0.03465303647232088,0.045269586,Buy,NVDA
2025-03-19,0.012358297714179504,0.0037559255,Hold,AAPL
2025-03-19,-0.014421601718318468,-0.07521567,Avoid,AMZN
2025-03-19,-0.05833180791994615,-0.048935216,Avoid,GOOGL
2025-03-19,-0.023258212572843023,0.010458722,Hold,MSFT
2025-03-19,-0.06679714091218511,0.03656014,Buy,NVDA
2025-03-20,0.03750583839327418,-0.00265916,Avoid,AAPL
2025-03-20,-0.02405745062836624,-0.06684224,Avoid,AMZN
2025-03-20,-0.050122850122850275,-0.027672708,Avoid,GOOGL
2025-03-20,-0.029598800537689974,0.020689318,Buy,MSFT
2025-03-20,-0.08563232936809251,0.036184046,Buy,NVDA
2025-03-21,0.022540889723736596,-0.0140411705,Avoid,AAPL
2025-03-21,-0.020590183986545132,-0.06841415,Avoid,AMZN
2025-03-21,-0.0421976949814014,-0.022589743,Avoid,GOOGL
2025-03-21,-0.023181516127383308,0.016134214,Hold,MSFT
2025-03-21,-0.06414613423959216,0.04287936,Buy,NVDA
2025-03-24,0.014316132831966642,-0.020863498,Avoid,AAPL
2025-03-24,-0.0356686017908098,-0.09543748,Avoid,AMZN
2025-03-24,-0.06345419847328253,-0.028539147,Avoid,GOOGL
2025-03-24,-0.027831484685051384,0.013491235,Hold,MSFT
2025-03-24,-0.09051972654641294,0.045055844,Buy,NVDA
2025-03-25,-0.09188826815642459,-0.022958418,Avoid,AAPL
2025-03-25,-0.13271109814787813,-0.09625373,Avoid,AMZN
2025-03-25,-0.11632270168855537,-0.039959293,Avoid,GOOGL
2025-03-25,-0.05580018220467661,0.025458295,Buy,MSFT
2025-03-25,-0.15651669566658383,0.043248642,Buy,NVDA
2025-03-26,-0.14964113212657432,-0.021014888,Avoid,AAPL
2025-03-26,-0.1498036096057276,-0.07904781,Avoid,AMZN
2025-03-26,-0.11789652247667519,-0.016938653,Avoid,GOOGL
2025-03-26,-0.07726235351437304,0.0268753,Buy,MSFT
2025-03-26,-0.17097398030942337,0.03131333,Buy,NVDA
2025-03-27,-0.18936788027697113,-0.02079743,Avoid,AAPL
2025-03-27,-0.12961859356376648,-0.09271556,Avoid,AMZN
2025-03-27,-0.09547583826429985,-0.028206142,Avoid,GOOGL
2025-03-27,-0.08377285063239277,0.026264118,Buy,MSFT
2025-03-27,-0.12375482365610702,0.012353876,Hold,NVDA
2025-03-28,-0.20871959614502072,-0.013294029,Avoid,AAPL
2025-03-28,-0.11446658364466585,-0.06908396,Avoid,AMZN
2025-03-28,-0.06239875591265485,-0.0060865576,Avoid,GOOGL
2025-03-28,-0.06399155227032736,0.020128531,Buy,MSFT
2025-03-28,-0.12191118810978394,0.010464978,Hold,NVDA
2025-03-31,-0.10480349344978167,-0.020421494,Avoid,AAPL
2025-03-31,0.004415011037527612,-0.07594805,Avoid,AMZN
2025-03-31,0.026319192964304332,-0.02406822,Avoid,GOOGL
2025-03-31,0.0402248328405126,0.025338203,Buy,MSFT
2025-03-31,0.05489942793873411,0.010776517,Hold,NVDA
2025-04-01,-0.14682557462251897,-0.03507297,Avoid,AAPL
2025-04-01,-0.05698079825154805,-0.08796931,Avoid,AMZN
2025-04-01,-0.027057999618004713,-0.037270628,Avoid,GOOGL
2025-04-01,-0.0021978597032888745,0.02694242,Buy,MSFT
2025-04-01,-0.02342260553790297,0.005165889,Hold,NVDA
2025-04-02,-0.11496717137880201,-0.03479531,Avoid,AAPL
2025-04-02,-0.05683383500841787,-0.074151635,Avoid,AMZN
2025-04-02,0.0006367804381049052,-0.022985714,Avoid,GOOGL
2025-04-02,0.01651227298895693,0.019722981,Hold,MSFT
2025-04-02,0.004618728491215406,0.019103637,Hold,NVDA
2025-04-03,-0.0032974063684235813,-0.013012397,Avoid,AAPL
2025-04-03,0.020794798497842094,-0.05321952,Avoid,AMZN
2025-04-03,0.055400743099787646,-0.0022839124,Avoid,GOOGL
2025-04-03,0.03939856878668486,0.035985995,Buy,MSFT
2025-04-03,0.08752455795677797,0.06437966,Buy,NVDA
2025-04-04,0.07304384754220189,0.0068628024,Hold,AAPL
2025-04-04,0.05023391812865499,-0.057587147,Avoid,AMZN
2025-04-04,0.07355769230769237,-0.005168007,Avoid,GOOGL
2025-04-04,0.07194864384170756,0.022118002,Buy,MSFT
2025-04-04,0.1896935637790266,0.0671646,Buy,NVDA
2025-04-07,0.0705940703185275,0.0109229665,Hold,AAPL
2025-04-07,-0.0053064019171515375,-0.03934062,Avoid,AMZN
2025-04-07,0.04483816013628628,-0.0020340737,Avoid,GOOGL
2025-04-07,0.03842284692337786,0.025907246,Buy,MSFT
2025-04-07,0.07015567390413759,0.020116534,Buy,NVDA
2025-04-08,0.142442872056606,0.020650692,Buy,AAPL
2025-04-08,0.011426227587015218,-0.035959505,Avoid,AMZN
2025-04-08,0.044644091223220515,-0.023209382,Avoid,GOOGL
2025-04-08,0.037285649819494504,0.021905376,Buy,MSFT
2025-04-08,0.05389408099688471,0.015648194,Hold,NVDA
2025-04-09,-0.028614533568016083,-0.048510812,Avoid,AAPL
2025-04-09,-0.12443746729461017,-0.07106319,Avoid,AMZN
2025-04-09,-0.06956083422594682,-0.02673104,Avoid,GOOGL
2025-04-09,-0.08033496376347667,-0.055892285,Avoid,MSFT
2025-04-09,-0.15236595819120094,0.04338864,Buy,NVDA
2025-04-10,0.048944438609389886,-0.004345282,Avoid,AAPL
2025-04-10,-0.04436596402163112,-0.04210484,Avoid,AMZN
2025-04-10,-0.008833922261484063,0.005954909,Hold,GOOGL
2025-04-10,-0.03810148157860241,-0.06843779,Avoid,MSFT
2025-04-10,-0.08069164265129676,0.032900132,Buy,NVDA
2025-04-11,0.0325510976532929,-0.02349968,Avoid,AAPL
2025-04-11,-0.023097311624384758,-0.06013284,Avoid,AMZN
2025-04-11,-0.011391116202112715,-0.022493513,Avoid,GOOGL
2025-04-11,-0.03619513450894582,-0.07952052,Avoid,MSFT
2025-04-11,-0.07410078427837387,0.009587145,Hold,NVDA
2025-04-14,0.028886035947066926,-0.040619068,Avoid,AAPL
2025-04-14,0.024269712277619083,-0.0826136,Avoid,AMZN
2025-04-14,0.0013201735085183125,-0.021811927,Avoid,GOOGL
2025-04-14,-0.0013150769706814958,-0.07588425,Avoid,MSFT
2025-04-14,-0.03865956101526499,0.018921126,Hold,NVDA
2025-04-15,0.03532205402196505,-0.048648275,Avoid,AAPL
2025-04-15,0.05234144440113595,-0.08792576,Avoid,AMZN
2025-04-15,0.03614611988996229,-0.0050570113,Avoid,GOOGL
2025-04-15,0.015866020273248137,-0.01585613,Avoid,MSFT
2025-04-15,-0.010606060606060586,0.069035135,Buy,NVDA
2025-04-16,0.08169043084367106,-0.036946952,Avoid,AAPL
2025-04-16,0.07669362702919735,-0.08953229,Avoid,AMZN
2025-04-16,0.04747929302810931,0.00058348326,Hold,GOOGL
2025-04-16,0.05260891795161597,-0.04949215,Avoid,MSFT
2025-04-16,0.040578045746004494,0.06458338,Buy,NVDA
2025-04-17,0.07224083663316082,-0.05612573,Avoid,AAPL
2025-04-17,0.08562655697815869,-0.0899637,Avoid,AMZN
2025-04-17,0.059539560730351944,-0.0062887482,Avoid,GOOGL
2025-04-17,0.07140138126053633,-0.057776194,Avoid,MSFT
2025-04-17,0.07419450192137157,0.079529755,Buy,NVDA
2025-04-21,0.10012424932698283,-0.034491982,Avoid,AAPL
2025-04-21,0.10219937843652878,-0.025308818,Avoid,AMZN
2025-04-21,0.07537075912507635,0.016027836,Hold,GOOGL
2025-04-21,0.10063488527511691,0.0018596525,Hold,MSFT
2025-04-21,0.12392941904860186,0.0709023,Buy,NVDA
2025-04-22,0.0679883849003704,-0.041878473,Avoid,AAPL
2025-04-22,0.09827924702621539,-0.06393048,Avoid,AMZN
2025-04-22,0.06489733940714341,-0.037871063,Avoid,GOOGL
2025-04-22,0.15969685404285477,-0.007032148,Avoid,MSFT
2025-04-22,0.12862776822732327,0.09444754,Buy,NVDA
2025-04-23,0.0036656891495601175,-0.046879243,Avoid,AAPL
2025-04-23,0.05193798449612401,-0.12747662,Avoid,AMZN
2025-04-23,0.05587383327969107,-0.036059305,Avoid,GOOGL
2025-04-23,0.16263789096931006,-0.009516568,Avoid,MSFT
2025-04-23,0.11478921234543868,0.10374062,Buy,NVDA
2025-04-24,-0.045495992705283955,-0.05162195,Avoid,AAPL
2025-04-24,-0.00101854830063256,-0.13146418,Avoid,AMZN
2025-04-24,0.03095178302360627,-0.037676476,Avoid,GOOGL
2025-04-24,0.12618125484120837,-0.00026358277,Avoid,MSFT
2025-04-24,0.06943530959315969,0.10143544,Buy,NVDA
2025-04-25,-0.0514621559633028,-0.066228196,Avoid,AAPL
2025-04-25,-0.021059315307688332,-0.14800407,Avoid,AMZN
2025-04-25,0.00784144233143975,-0.05069641,Avoid,GOOGL
2025-04-25,0.1058057930330483,-0.007591003,Avoid,MSFT
2025-04-25,0.022790739573011448,0.066458315,Buy,NVDA
2025-04-28,-0.06609879128200241,-0.08406376,Avoid,AAPL
2025-04-28,0.005380927011188169,-0.13514054,Avoid,AMZN
2025-04-28,-0.057468401718448525,-0.044417094,Avoid,GOOGL
2025-04-28,0.10785867675631454,-0.030293806,Avoid,MSFT
2025-04-28,0.07661179067414695,0.058201525,Buy,NVDA
2025-04-29,-0.06495904549973959,-0.074038886,Avoid,AAPL
2025-04-29,0.025028016436309444,-0.13155866,Avoid,AMZN
2025-04-29,-0.036713286713286684,-0.03851158,Avoid,GOOGL
2025-04-29,0.1119937062227185,-0.030512523,Avoid,MSFT
2025-04-29,0.07659145110988817,0.055458363,Buy,NVDA
2025-04-30,-0.06574117647058823,-0.0836259,Avoid,AAPL
2025-04-30,0.0468495824747859,-0.10798992,Avoid,AMZN
2025-04-30,-0.03809823677581871,-0.026940553,Avoid,GOOGL
2025-04-30,0.10997824216971115,-0.03828168,Avoid,MSFT
2025-04-30,0.07096951891296367,0.089592665,Buy,NVDA
2025-05-01,-0.011860116257266086,-0.07710924,Avoid,AAPL
2025-05-01,0.09695057833859096,-0.1174337,Avoid,AMZN
2025-05-01,-0.017606943583385017,-0.045481455,Avoid,GOOGL
2025-05-01,0.056088387400094065,-0.036020204,Avoid,MSFT
2025-05-01,0.10205178747424067,0.06271693,Buy,NVDA
2025-05-02,0.03691258826393968,-0.07163023,Avoid,AAPL
2025-05-02,0.11259079903147708,-0.10698497,Avoid,AMZN
2025-05-02,-0.027434005974516857,-0.039562363,Avoid,GOOGL
2025-05-02,0.03184157324021323,-0.025191352,Avoid,MSFT
2025-05-02,0.134759825327511,0.06571302,Buy,NVDA
2025-05-05,0.06757504148021533,-0.0378515,Avoid,AAPL
2025-05-05,0.12825328682586534,-0.09658671,Avoid,AMZN
2025-05-05,0.007064125205529484,-0.044253435,Avoid,GOOGL
2025-05-05,0.038448311438200655,-0.018257191,Avoid,MSFT
2025-05-05,0.18907046213319287,0.057529088,Buy,NVDA
2025-05-06,0.06518563296559367,-0.05060042,Avoid,AAPL
2025-05-06,0.10896708286038591,-0.11175386,Avoid,AMZN
2025-05-06,0.004472217116951653,-0.041900724,Avoid,GOOGL
2025-05-06,0.04574092451131982,-0.0118895685,Avoid,MSFT
2025-05-06,0.1875110093359169,0.07923121,Buy,NVDA
2025-05-07,0.07648407643312097,-0.0490725,Avoid,AAPL
2025-05-07,0.08944941974458161,-0.120855264,Avoid,AMZN
2025-05-07,0.09783326727440879,0.03515736,Buy,GOOGL
2025-05-07,0.04827506634360207,-0.02042109,Avoid,MSFT
2025-05-07,0.15667179224329406,0.04866398,Buy,NVDA
2025-05-08,0.05716745151653244,-0.046981383,Avoid,AAPL
2025-05-08,0.07330279050395659,-0.12600908,Avoid,AMZN
2025-05-08,0.07946590614467197,-0.01622017,Avoid,GOOGL
2025-05-08,0.047241938060570074,-0.015184234,Avoid,MSFT
2025-05-08,0.15506517849535645,0.036020976,Buy,NVDA
2025-05-09,0.04195839419735059,-0.055836182,Avoid,AAPL
2025-05-09,0.05702890293173102,-0.12529577,Avoid,AMZN
2025-05-09,0.07351882160392792,-0.004978613,Avoid,GOOGL
2025-05-09,0.04430971212362956,-0.015955893,Avoid,MSFT
2025-05-09,0.15199314187741098,0.035827246,Buy,NVDA
2025-05-12,-0.04127330518525542,-0.07198746,Avoid,AAPL
2025-05-12,-0.03604294478527599,-0.14432254,Avoid,AMZN
2025-05-12,0.06373848289789218,-0.03332663,Avoid,GOOGL
2025-05-12,0.007367671281663185,-0.03250553,Avoid,MSFT
2025-05-12,0.07154471544715456,0.06593251,Buy,NVDA
2025-05-13,-0.054337106091203645,-0.06346778,Avoid,AAPL
2025-05-13,-0.03912570374225297,-0.14691111,Avoid,AMZN
2025-05-13,0.07108380868802108,-0.014823449,Avoid,GOOGL
2025-05-13,0.012735449971055857,-0.02768962,Avoid,MSFT
2025-05-13,0.022319710613407262,0.03792728,Buy,NVDA
2025-05-14,-0.08034663024537278,-0.05104398,Avoid,AAPL
2025-05-14,-0.0440428061831153,-0.144262,Avoid,AMZN
2025-05-14,0.018745842655862575,-0.036294665,Avoid,GOOGL
2025-05-14,-0.006093522320837177,-0.029221412,Avoid,MSFT
2025-05-14,-0.029924634254470308,0.036566727,Buy,NVDA
2025-05-15,-0.053156774651217695,-0.045683887,Avoid,AAPL
2025-05-15,0.004142905882926465,-0.13588303,Avoid,AMZN
2025-05-15,0.05452549402293241,-0.0209484,Avoid,GOOGL
2025-05-15,0.016683953832233582,-0.015025463,Avoid,MSFT
2025-05-15,0.0049692204998886555,0.041618515,Buy,NVDA
2025-05-16,-0.05131118053583264,-0.0591587,Avoid,AAPL
2025-05-16,-0.00423172333284695,-0.15436558,Avoid,AMZN
2025-05-16,0.0371261808773092,-0.052762225,Avoid,GOOGL
2025-05-16,0.006802122085984177,-0.0148016475,Avoid,MSFT
2025-05-16,-0.004357459379615978,0.034988362,Buy,NVDA
2025-05-19,-0.042293323115240984,-0.050201472,Avoid,AAPL
2025-05-19,-0.0022312766783081487,-0.13718536,Avoid,AMZN
2025-05-19,0.0319442776510149,-0.05130013,Avoid,GOOGL
2025-05-19,-0.0004140606271928819,-0.010135339,Avoid,MSFT
2025-05-19,0.02670207272995504,0.04052541,Buy,NVDA
2025-05-20,-0.029053466112346608,-0.04460167,Avoid,AAPL
2025-05-20,0.004606262556965736,-0.13703401,Avoid,AMZN
2025-05-20,0.047322844249298814,-0.034150597,Avoid,GOOGL
2025-05-20,0.004779885195451465,-0.0104351835,Avoid,MSFT
2025-05-20,0.00558118767673761,0.041488796,Buy,NVDA
2025-05-21,-0.0019298332426147496,-0.040422287,Avoid,AAPL
2025-05-21,0.027496022275258557,-0.11184565,Avoid,AMZN
2025-05-21,0.002788324632178446,-0.058578953,Avoid,GOOGL
2025-05-21,0.020770267582915426,-0.003434314,Avoid,MSFT
2025-05-21,0.0423368740515932,0.061200086,Buy,NVDA
2025-05-22,0.009485498609455684,-0.052962307,Avoid,AAPL
2025-05-22,0.012850812407681014,-0.08553786,Avoid,AMZN
2025-05-22,-0.027447767308480118,-0.061317354,Avoid,GOOGL
2025-05-22,0.017829661873983233,-0.009542493,Avoid,MSFT
2025-05-22,0.06316344199352546,0.06693797,Buy,NVDA
2025-05-23,0.038664413376350605,-0.04430206,Avoid,AAPL
2025-05-23,0.03104632071247316,-0.07753033,Avoid,AMZN
2025-05-23,-0.002493025464474313,-0.049517315,Avoid,GOOGL
2025-05-23,0.03041005819894264,-0.012435951,Avoid,MSFT
2025-05-23,0.08096580089877367,0.05546334,Buy,NVDA
2025-05-27,0.0020977973128214747,-0.04230443,Avoid,AAPL
2025-05-27,0.00917386661489169,-0.11247585,Avoid,AMZN
2025-05-27,-0.02712550607287448,-0.054510623,Avoid,GOOGL
2025-05-27,0.015172892834661071,-0.019480512,Avoid,MSFT
2025-05-27,0.03313653136531372,0.062294874,Buy,NVDA
2025-05-28,0.01746332701327213,-0.056103792,Avoid,AAPL
2025-05-28,0.04322977725674089,-0.10688336,Avoid,AMZN
2025-05-28,0.007658389417498219,-0.06245398,Avoid,GOOGL
2025-05-28,0.028467727829281052,-0.016935961,Avoid,MSFT
2025-05-28,0.051257325124248916,0.06602466,Buy,NVDA
2025-05-29,0.0075018754688672175,-0.045820296,Avoid,AAPL
2025-05-29,0.05483714146815752,-0.10632425,Avoid,AMZN
2025-05-29,0.024613057139532116,-0.06280068,Avoid,GOOGL
2025-05-29,0.030674980378477355,-0.016883163,Avoid,MSFT
2025-05-29,0.024714419139305967,0.0663071,Buy,NVDA
2025-05-30,0.009061488673139126,-0.044159155,Avoid,AAPL
2025-05-30,0.06146041656504572,-0.10220866,Avoid,AMZN
2025-05-30,0.03994410154885283,-0.059092034,Avoid,GOOGL
2025-05-30,0.02293856981492745,-0.0074084685,Avoid,MSFT
2025-05-30,0.06534448309035752,0.09515117,Buy,NVDA
2025-06-02,-0.014476945959345502,-0.029570967,Avoid,AAPL
2025-06-02,0.03169610452455835,-0.10229704,Avoid,AMZN
2025-06-02,0.049222031592025046,-0.063137546,Avoid,GOOGL
2025-06-02,0.02305344502889793,-0.0045241835,Avoid,MSFT
2025-06-02,0.039670985587421874,0.09826746,Buy,NVDA
2025-06-03,-0.02002262999950815,-0.030941218,Avoid,AAPL
2025-06-03,0.036604929269359786,-0.105220445,Avoid,AMZN
2025-06-03,0.05728727885425431,-0.051651955,Avoid,GOOGL
2025-06-03,0.034343477979134666,-0.0028848043,Avoid,MSFT
2025-06-03,0.02676674691969977,0.075114,Buy,NVDA
2025-06-04,-0.0314071590572922,-0.030548645,Avoid,AAPL
2025-06-04,0.02350045842783383,-0.10249816,Avoid,AMZN
2025-06-04,0.03939303778637296,-0.060562704,Avoid,GOOGL
2025-06-04,0.023907560307844817,-0.0036173346,Avoid,MSFT
2025-06-04,0.00035231116121766753,0.086729765,Buy,NVDA
2025-06-05,-0.011015301799332144,-0.033747166,Avoid,AAPL
2025-06-05,0.0393920446346977,-0.09864265,Avoid,AMZN
2025-06-05,0.0508887699898936,-0.05667072,Avoid,GOOGL
2025-06-05,0.024503934314060852,0.00061560224,Hold,MSFT
2025-06-05,0.03357382670190719,0.072845295,Buy,NVDA
2025-06-06,-0.04060415849352688,-0.03310731,Avoid,AAPL
2025-06-06,0.00585288195907665,-0.09916307,Avoid,AMZN
2025-06-06,0.013070013818516708,-0.068842016,Avoid,GOOGL
2025-06-06,0.016284705982397264,0.004334463,Hold,MSFT
2025-06-06,0.016934801016088102,0.057266854,Buy,NVDA
2025-06-09,-0.024174733184412888,-0.02894387,Avoid,AAPL
2025-06-09,-0.02055488985159913,-0.10206922,Avoid,AMZN
2025-06-09,-0.015730592310750243,-0.065758966,Avoid,GOOGL
2025-06-09,0.015843469063987328,0.0025544502,Hold,MSFT
2025-06-09,0.019981771015915264,0.056500413,Buy,NVDA
2025-06-10,-0.00823999605269644,-0.03865953,Avoid,AAPL
2025-06-10,-0.03639538624144118,-0.101583585,Avoid,AMZN
2025-06-10,-0.06696528555431136,-0.06897476,Avoid,GOOGL
2025-06-10,0.013760298989212523,0.017452022,Hold,MSFT
2025-06-10,-0.0007641011392054295,0.061799463,Buy,NVDA
2025-06-11,0.013683469161887509,-0.040834352,Avoid,AAPL
2025-06-11,-0.022185741088180066,-0.10352064,Avoid,AMZN
2025-06-11,-0.06856498449393852,-0.05618438,Avoid,GOOGL
2025-06-11,0.02831027040751554,0.020866074,Buy,MSFT
2025-06-11,0.009381782538682173,0.06573678,Buy,NVDA
2025-06-12,0.005522088353413769,-0.034801044,Avoid,AAPL
2025-06-12,-0.00220408928906396,-0.11330774,Avoid,AMZN
2025-06-12,-0.05082527034718258,-0.05262764,Avoid,GOOGL
2025-06-12,0.02347192348654125,0.019688988,Hold,MSFT
2025-06-12,0.02000000000000004,0.048065815,Buy,NVDA
2025-06-13,0.026011707813693122,-0.026013857,Avoid,AAPL
2025-06-13,-0.000518623290900449,-0.110376135,Avoid,AMZN
2025-06-13,-0.022843075513825962,-0.061694507,Avoid,GOOGL
2025-06-13,0.03644517433046994,0.007195196,Hold,MSFT
2025-06-13,0.08691977178277104,0.06049628,Buy,NVDA
2025-06-16,0.013002721499848869,-0.031140707,Avoid,AAPL
2025-06-16,0.004720037019898243,-0.11503452,Avoid,AMZN
2025-06-16,-0.018272331277931878,-0.05640885,Avoid,GOOGL
2025-06-16,0.03821430062194766,0.015031315,Hold,MSFT
2025-06-16,0.0713940147902413,0.06281895,Buy,NVDA
2025-06-17,0.02780617460642009,-0.033516627,Avoid,AAPL
2025-06-17,0.039474909226329104,-0.09529886,Avoid,AMZN
2025-06-17,0.014663256606990695,-0.061741102,Avoid,GOOGL
2025-06-17,0.03744456530834235,0.016707437,Hold,MSFT
2025-06-17,0.09457396613932831,0.058590755,Buy,NVDA
2025-06-18,0.04369722250483251,-0.038618762,Avoid,AAPL
2025-06-18,0.032326369282890906,-0.09189715,Avoid,AMZN
2025-06-18,0.016789753057927514,-0.04915287,Avoid,GOOGL
2025-06-18,0.03575295685490591,0.021905825,Buy,MSFT
2025-06-18,0.08599120153973068,0.061149746,Buy,NVDA
2025-06-20,0.03393034825870643,-0.0366891,Avoid,AAPL
2025-06-20,0.05136153369259388,-0.08661984,Avoid,AMZN
2025-06-20,0.055208833413346245,-0.0150774075,Avoid,GOOGL
2025-06-20,0.030687054880603342,0.0085418625,Hold,MSFT
2025-06-20,0.06569343065693443,0.06428536,Buy,NVDA
2025-06-23,0.05429280397022331,-0.036455836,Avoid,AAPL
2025-06-23,0.054923969875761446,-0.09369078,Avoid,AMZN
2025-06-23,0.0814213935468248,-0.030854404,Avoid,GOOGL
2025-06-23,0.010473251028806533,0.0013262683,Hold,MSFT
2025-06-23,0.09072622598321435,0.064116254,Buy,NVDA
2025-06-24,0.06615077383924113,-0.038351867,Avoid,AAPL
2025-06-24,0.05000704986605248,-0.10374479,Avoid,AMZN
2025-06-24,0.07651256221142885,-0.0480286,Avoid,GOOGL
2025-06-24,0.017812327844769462,0.00335348,Hold,MSFT
2025-06-24,0.0773495605138607,0.05289528,Buy,NVDA
2025-06-25,0.0416253224846199,-0.030938722,Avoid,AAPL
2025-06-25,0.05415349780650026,-0.09908242,Avoid,AMZN
2025-06-25,0.03579798453245831,-0.04745736,Avoid,GOOGL
2025-06-25,0.011071160135697982,0.008657236,Hold,MSFT
2025-06-25,0.025468213336789624,0.06875809,Buy,NVDA
2025-06-26,0.044825870646766124,-0.031641524,Avoid,AAPL
2025-06-26,0.010316875460574838,-0.1130354,Avoid,AMZN
2025-06-26,0.0047251354154662995,-0.053609654,Avoid,GOOGL
2025-06-26,-0.0016685093979294083,0.0077376203,Hold,MSFT
2025-06-26,0.03212488711134041,0.057856455,Buy,NVDA
2025-06-27,0.05002983887010132,-0.031848665,Avoid,AAPL
2025-06-27,-0.003403493058665559,-0.11628697,Avoid,AMZN
2025-06-27,-0.010698482047835078,-0.045602977,Avoid,GOOGL
2025-06-27,0.01526394321893776,0.00799169,Hold,MSFT
2025-06-27,0.032519809825673505,0.05638962,Buy,NVDA
2025-06-30,0.0352878101086904,-0.04716205,Avoid,AAPL
2025-06-30,0.013081726605588243,-0.10601607,Avoid,AMZN
2025-06-30,0.00788741984906097,-0.044709563,Avoid,GOOGL
2025-06-30,0.008182384753020633,0.0033566123,Hold,MSFT
2025-06-30,0.038673333755300875,0.053794824,Buy,NVDA
2025-07-01,0.016071600423443383,-0.049835287,Avoid,AAPL
2025-07-01,0.020684024312800517,-0.11296168,Avoid,AMZN
2025-07-01,0.024738398544130995,-0.039326664,Avoid,GOOGL
2025-07-01,0.02290417640483687,0.0069795246,Hold,MSFT
2025-07-01,0.0757990867579907,0.08000282,Buy,NVDA
2025-07-02,-0.01798154773112405,-0.040740002,Avoid,AAPL
2025-07-02,0.026236813386686115,-0.114835106,Avoid,AMZN
2025-07-02,0.016345723242275057,-0.04865609,Avoid,GOOGL
2025-07-02,0.024292899468529205,0.00815543,Hold,MSFT
2025-07-02,0.04337042925278215,0.07698264,Buy,NVDA
2025-07-03,-0.020791383750878002,-0.04405738,Avoid,AAPL
2025-07-03,0.013159661608701481,-0.11871173,Avoid,AMZN
2025-07-03,0.013758146270818242,-0.04588686,Avoid,GOOGL
2025-07-03,0.013992462513030266,0.0066368007,Hold,MSFT
2025-07-03,0.07129408811346796,0.07478998,Buy,NVDA
2025-07-07,0.0010002381519409764,-0.049531143,Avoid,AAPL
2025-07-07,-0.0012529646037499492,-0.11515507,Avoid,AMZN
2025-07-07,0.0349567283217377,-0.042244837,Avoid,GOOGL
2025-07-07,0.01587237804388005,0.008398988,Hold,MSFT
2025-07-07,0.08297522750252777,0.05356501,Buy,NVDA
2025-07-08,4.761678015341806e-05,-0.047501918,Avoid,AAPL
2025-07-08,0.02060539752005827,-0.103901476,Avoid,AMZN
2025-07-08,0.05287910071117228,-0.040866848,Avoid,GOOGL
2025-07-08,0.03036526921992667,0.008316391,Hold,MSFT
2025-07-08,0.08125,0.062371526,Buy,NVDA
2025-07-09,0.00018944775978033753,-0.03881512,Avoid,AAPL
2025-07-09,0.016131931338186408,-0.10405477,Avoid,AMZN
2025-07-09,0.0477862076774997,-0.046777923,Avoid,GOOGL
2025-07-09,0.01298881849417096,0.0058907317,Hold,MSFT
2025-07-09,0.058509332023575646,0.06229336,Buy,NVDA
2025-07-10,0.0003295513393907687,-0.046140794,Avoid,AAPL
2025-07-10,0.031674615315396476,-0.09422585,Avoid,AMZN
2025-07-10,0.07026235784258524,-0.05200807,Avoid,GOOGL
2025-07-10,0.017109356305336172,0.016331684,Hold,MSFT
2025-07-10,0.044363193174893366,0.06449967,Buy,NVDA
2025-07-11,0.01534381511649938,-0.05358343,Avoid,AAPL
2025-07-11,0.010887921073682288,-0.09684999,Avoid,AMZN
2025-07-11,0.06187912758754651,-0.055950936,Avoid,GOOGL
2025-07-11,0.003874274815226871,0.019143265,Hold,MSFT
2025-07-11,0.012794081979141485,0.06353634,Buy,NVDA
2025-07-14,0.02650752564471288,-0.05708175,Avoid,AAPL
2025-07-14,0.011520226859851984,-0.0986007,Avoid,AMZN
2025-07-14,0.047752808988763974,-0.056783576,Avoid,GOOGL
2025-07-14,0.005665778696672146,0.016141888,Hold,MSFT
2025-07-14,0.04089717803376613,0.052322492,Buy,NVDA
2025-07-15,0.022237100090861158,-0.059389874,Avoid,AAPL
2025-07-15,0.025977468522200113,-0.096909195,Avoid,AMZN
2025-07-15,0.05587912087912081,-0.057935674,Avoid,GOOGL
2025-07-15,0.010003558578150334,0.029025914,Buy,MSFT
2025-07-15,0.017809021675454135,0.071043,Buy,NVDA
2025-07-16,0.01770079939094023,-0.058885913,Avoid,AAPL
2025-07-16,0.03696402168555939,-0.08929237,Avoid,AMZN
2025-07-16,0.055801497513253584,-0.06587685,Avoid,GOOGL
2025-07-16,0.0160001582215894,0.026857927,Buy,MSFT
2025-07-16,0.012429246659275226,0.05787028,Buy,NVDA
2025-07-17,0.019188648700123802,-0.05932423,Avoid,AAPL
2025-07-17,0.039798106128282995,-0.09702552,Avoid,AMZN
2025-07-17,0.04902494825144351,-0.05863567,Avoid,GOOGL
2025-07-17,0.001563416064100081,0.01665206,Hold,MSFT
2025-07-17,0.02167630057803468,0.060118075,Buy,NVDA
2025-07-18,0.00042617672128044044,-0.05793865,Avoid,AAPL
2025-07-18,0.021580506788130702,-0.09784735,Avoid,AMZN
2025-07-18,0.0577650491732411,-0.06207403,Avoid,GOOGL
2025-07-18,0.004940692089010957,0.018834412,Hold,MSFT
2025-07-18,0.017980395568702477,0.05941118,Buy,NVDA
2025-07-21,-0.01614269578313243,-0.05817397,Avoid,AAPL
2025-07-21,0.0038813781072829755,-0.099029794,Avoid,AMZN
2025-07-21,0.03382430299842192,-0.06158495,Avoid,GOOGL
2025-07-21,0.006234560639924728,0.025035633,Buy,MSFT
2025-07-21,0.04603804411249863,0.05263613,Buy,NVDA
2025-07-22,-0.031856343283582146,-0.05753369,Avoid,AAPL
2025-07-22,0.029190662504945772,-0.09349736,Avoid,AMZN
2025-07-22,0.002926727291732007,-0.05957628,Avoid,GOOGL
2025-07-22,0.05587111841193821,0.022927959,Buy,MSFT
2025-07-22,0.06489852122373228,0.059534937,Buy,NVDA
2025-07-23,-0.05496147560121415,-0.045459453,Avoid,AAPL
2025-07-23,-0.05931052608524242,-0.09523634,Avoid,AMZN
2025-07-23,-0.005782473847447797,-0.05149759,Avoid,GOOGL
2025-07-23,0.03605669440765416,0.026922645,Buy,MSFT
2025-07-23,0.017215130577350964,0.054122545,Buy,NVDA
2025-07-24,-0.04869947604790418,-0.042311866,Avoid,AAPL
2025-07-24,-0.0886190414675106,-0.0954068,Avoid,AMZN
2025-07-24,0.014934693240360123,-0.057660133,Avoid,GOOGL
2025-07-24,0.04846539304729093,0.021095581,Buy,MSFT
2025-07-24,0.036030850696442907,0.057367485,Buy,NVDA
2025-07-25,-0.05124368804937352,-0.05463605,Avoid,AAPL
2025-07-25,-0.07643449706187348,-0.09679111,Avoid,AMZN
2025-07-25,0.00771301376954126,-0.057800066,Avoid,GOOGL
2025-07-25,0.02733059508282876,0.020775009,Buy,MSFT
2025-07-25,0.02743515850144087,0.061182044,Buy,NVDA
2025-07-28,-0.0037374445223079247,-0.05463605,Avoid,AAPL
2025-07-28,-0.045019115941406375,-0.09945884,Avoid,AMZN
2025-07-28,0.018226191712535002,-0.057065967,Avoid,GOOGL
2025-07-28,0.024273170731707424,0.02414406,Buy,MSFT
2025-07-28,0.015106082036775036,0.06257647,Buy,NVDA
2025-07-29,0.04146353007999238,-0.039942846,Avoid,AAPL
2025-07-29,-0.034111077442534936,-0.0962921,Avoid,AMZN
2025-07-29,0.003933588761175021,-0.060954366,Avoid,GOOGL
2025-07-29,0.016134381645433758,0.027066503,Buy,MSFT
2025-07-29,0.02996980229046789,0.058258925,Buy,NVDA
2025-07-30,0.09710595551303507,-0.040058568,Avoid,AAPL
2025-07-30,-0.03258178026847387,-0.09329379,Avoid,AMZN
2025-07-30,0.024881697450770804,-0.07596383,Avoid,GOOGL
2025-07-30,0.017145974592783015,0.010367397,Hold,MSFT
2025-07-30,0.019133151112846424,0.06672041,Buy,NVDA
2025-07-31,0.09447415329768277,-0.037538264,Avoid,AAPL
2025-07-31,-0.054717867669044476,-0.101572126,Avoid,AMZN
2025-07-31,0.04742053152683686,-0.05630675,Avoid,GOOGL
2025-07-31,-0.021986879100281197,-0.0039224382,Avoid,MSFT
2025-07-31,0.02355653005003653,0.066604845,Buy,NVDA
2025-08-01,0.13474651645419514,-0.024629774,Avoid,AAPL
2025-08-01,0.031292200232828866,-0.07884007,Avoid,AMZN
2025-08-01,0.07513350605403694,-0.061781112,Avoid,GOOGL
2025-08-01,0.009788021598519386,0.0066914875,Hold,MSFT
2025-08-01,0.05434031775270549,0.060502015,Buy,NVDA
2025-08-04,0.1474305384804525,-0.02475357,Avoid,AAPL
2025-08-04,0.060996928892038726,-0.09810216,Avoid,AMZN
2025-08-04,0.03547990155865472,-0.06964505,Avoid,GOOGL
2025-08-04,-0.02811589873795823,-0.0025412936,Avoid,MSFT
2025-08-04,0.008833333333333353,0.05057105,Buy,NVDA
2025-08-05,0.14715158683224924,-0.026088791,Avoid,AAPL
2025-08-05,0.08060818713450288,-0.102516726,Avoid,AMZN
2025-08-05,0.04248214927826584,-0.06973475,Avoid,GOOGL
2025-08-05,-0.009985788725722372,0.006191675,Hold,MSFT
2025-08-05,0.021092785818467515,0.06922525,Buy,NVDA
2025-08-06,0.08600234466588513,-0.041784193,Avoid,AAPL
2025-08-06,0.03922450632000359,-0.08482189,Avoid,AMZN
2025-08-06,0.039828650109643544,-0.068062715,Avoid,GOOGL
2025-08-06,-0.009086752771745523,0.0060684658,Hold,MSFT
2025-08-06,0.005740720098093865,0.06347222,Buy,NVDA
2025-08-07,0.049356905876471326,-0.036177542,Avoid,AAPL
2025-08-07,0.037466947519383384,-0.10331873,Avoid,AMZN
2025-08-07,0.03551801343374715,-0.067177504,Avoid,GOOGL
2025-08-07,-0.007180708086936504,0.012048942,Hold,MSFT
2025-08-07,0.006859545278530622,0.06435257,Buy,NVDA
2025-08-08,0.005275779376498836,-0.040083695,Avoid,AAPL
2025-08-08,0.023889712155911777,-0.107547395,Avoid,AMZN
2025-08-08,0.000744712540959218,-0.06713912,Avoid,GOOGL
2025-08-08,-0.02350394605777332,0.007533453,Hold,MSFT
2025-08-08,-0.03864258347016969,0.06156904,Buy,NVDA
2025-08-11,-0.005150101241306523,-0.03382874,Avoid,AAPL
2025-08-11,0.011342069588793451,-0.09926233,Avoid,AMZN
2025-08-11,-0.008358208955223915,-0.051218584,Avoid,GOOGL
2025-08-11,-0.030760679993100323,0.002107425,Hold,MSFT
2025-08-11,-0.03658134680874435,0.061976764,Buy,NVDA
2025-08-12,-0.020683649031134333,-0.037954528,Avoid,AAPL
2025-08-12,0.0021673364338284633,-0.10751801,Avoid,AMZN
2025-08-12,-0.017655158847250926,-0.05747712,Avoid,GOOGL
2025-08-12,-0.047237548182299145,0.0031612366,Hold,MSFT
2025-08-12,-0.044660406202227595,0.065578826,Buy,NVDA
2025-08-13,-0.023871769596708614,-0.03989159,Avoid,AAPL
2025-08-13,0.019059494121838265,-0.12048087,Avoid,AMZN
2025-08-13,0.02044959397900572,-0.06641443,Avoid,GOOGL
2025-08-13,-0.025644473471896773,0.008869945,Hold,MSFT
2025-08-13,-0.019824880224681943,0.0429166,Buy,NVDA
2025-08-14,-0.02414296760890113,-0.038753636,Avoid,AAPL
2025-08-14,-0.013161312667763408,-0.118974395,Avoid,AMZN
2025-08-14,0.027347984625997888,-0.06792934,Avoid,GOOGL
2025-08-14,-0.034872148216199716,0.006230417,Hold,MSFT
2025-08-14,-0.012141522909570419,0.048655596,Buy,NVDA
2025-08-15,-0.009844984671186153,-0.035363983,Avoid,AAPL
2025-08-15,-0.01004198588927842,-0.09822538,Avoid,AMZN
2025-08-15,0.015890142226581562,-0.06562845,Avoid,GOOGL
2025-08-15,-0.03485399004171701,0.0055295764,Hold,MSFT
2025-08-15,0.007315045719035864,0.048662852,Buy,NVDA
2025-08-18,-0.0017324266966952976,-0.043536544,Avoid,AAPL
2025-08-18,-0.01023802324074476,-0.09726553,Avoid,AMZN
2025-08-18,0.01955773955773951,-0.06766799,Avoid,GOOGL
2025-08-18,-0.020034809514600682,0.011588192,Hold,MSFT
2025-08-18,-0.0022526234822262325,0.042010777,Buy,NVDA
2025-08-19,0.008674531575294934,-0.046017904,Avoid,AAPL
2025-08-19,0.015744923468268952,-0.10089139,Avoid,AMZN
2025-08-19,0.0499578310264424,-0.067212656,Avoid,GOOGL
2025-08-19,-0.00025501696843673705,0.015049116,Hold,MSFT
2025-08-19,0.02579139148257801,0.073319495,Buy,NVDA
2025-08-20,0.027122693686120063,-0.055861805,Avoid,AAPL
2025-08-20,0.023189312363165175,-0.10454422,Avoid,AMZN
2025-08-20,0.0681818181818182,-0.06434888,Avoid,GOOGL
2025-08-20,0.0019180574230799068,0.020412665,Buy,MSFT
2025-08-20,-0.006955530216647656,0.081103005,Buy,NVDA
2025-08-21,0.021431747443308106,-0.045555305,Avoid,AAPL
2025-08-21,0.015273710295111579,-0.10696286,Avoid,AMZN
2025-08-21,0.058072590738423004,-0.0687177,Avoid,GOOGL
2025-08-21,0.0017452006980802702,0.018221684,Hold,MSFT
2025-08-21,-0.02400274317064801,0.080338515,Buy,NVDA
2025-08-22,0.047023182297154936,-0.04805844,Avoid,AAPL
2025-08-22,-0.012454116413214448,-0.11122788,Avoid,AMZN
2025-08-22,0.1192197583579989,-0.06543981,Avoid,GOOGL
2025-08-22,-0.003706405378230774,0.020092027,Buy,MSFT
2025-08-22,-0.041406820607899346,0.08016387,Buy,NVDA
2025-08-25,0.05555555555555557,-0.04785797,Avoid,AAPL
2025-08-25,0.03395630429060283,-0.105548635,Avoid,AMZN
2025-08-25,0.11420212000575568,-0.06976303,Avoid,GOOGL
2025-08-25,0.007357315670487519,0.023491275,Buy,MSFT
2025-08-25,-0.0453256214893499,0.07607683,Buy,NVDA
2025-08-26,0.04526623348305785,-0.05011072,Avoid,AAPL
2025-08-26,0.01582790433299814,-0.104510784,Avoid,AMZN
2025-08-26,0.13449840687457765,-0.062002853,Avoid,GOOGL
2025-08-26,-0.014022787028922038,0.021432297,Buy,MSFT
2025-08-26,-0.08114650382351322,0.06602381,Buy,NVDA
2025-08-27,0.03206212850882895,-0.046922524,Avoid,AAPL
2025-08-27,0.02932960893854748,-0.10537064,Avoid,AMZN
2025-08-27,0.12801233853865435,-0.069422215,Avoid,GOOGL
2025-08-27,-0.016852823933378103,0.017028755,Hold,MSFT
2025-08-27,-0.07318281938325986,0.08515041,Buy,NVDA
2025-08-28,0.00769693842449257,-0.04516664,Avoid,AAPL
2025-08-28,0.028670120898100237,-0.10597353,Avoid,AMZN
2025-08-28,0.13225288225288231,-0.058295045,Avoid,GOOGL
2025-08-28,-0.022035162075190254,0.01761787,Hold,MSFT
2025-08-28,-0.052228450907476257,0.07427379,Buy,NVDA
2025-08-29,-0.023046437494615296,-0.05215901,Avoid,AAPL
2025-08-29,0.0058078602620087886,-0.10237507,Avoid,AMZN
2025-08-29,0.12333849983561125,-0.055707816,Avoid,GOOGL
2025-08-29,-0.012473109790996454,0.020713344,Buy,MSFT
2025-08-29,0.01808473992421636,0.090264425,Buy,NVDA
2025-09-02,0.0013494689186836248,-0.039657045,Avoid,AAPL
2025-09-02,0.020457974616135553,-0.10106862,Avoid,AMZN
2025-09-02,0.13730778329784724,-0.049236685,Avoid,GOOGL
2025-09-02,-0.00813668039277798,0.020370774,Buy,MSFT
2025-09-02,0.03741655931607909,0.096991405,Buy,NVDA
2025-09-03,-0.01845095819180612,-0.047122207,Avoid,AAPL
2025-09-03,0.009557945041815993,-0.09528006,Avoid,AMZN
2025-09-03,0.04396080811584156,-0.07356327,Avoid,GOOGL
2025-09-03,0.009003660829128237,0.015263809,Hold,MSFT
2025-09-03,0.04219903879967172,0.10143703,Buy,NVDA
2025-09-04,-0.012845108015681093,-0.047152963,Avoid,AAPL
2025-09-04,-0.018032926001357773,-0.11464134,Avoid,AMZN
2025-09-04,0.08312526904864401,-0.045823604,Avoid,GOOGL
2025-09-04,0.014548103234442951,0.018258292,Hold,MSFT
2025-09-04,0.03547710590702553,0.10393777,Buy,NVDA
2025-09-05,-0.0064249655805415,-0.046285708,Avoid,AAPL
2025-09-05,0.007403262600611194,-0.10099479,Avoid,AMZN
2025-09-05,0.0687659574468085,-0.048665214,Avoid,GOOGL
2025-09-05,0.028363636363636403,0.017816462,Hold,MSFT
2025-09-05,0.04706023230750799,0.07690795,Buy,NVDA
2025-09-08,0.00466621826130828,-0.046024233,Avoid,AAPL
2025-09-08,-0.017893487109905015,-0.115294896,Avoid,AMZN
2025-09-08,0.06618526747564522,-0.04818648,Avoid,GOOGL
2025-09-08,0.023725411481332784,0.012475181,Hold,MSFT
2025-09-08,0.011764006892044382,0.07591903,Buy,NVDA
2025-09-09,0.015062940046938346,-0.046877638,Avoid,AAPL
2025-09-09,-0.02942411014103433,-0.11193341,Avoid,AMZN
2025-09-09,0.05174644243208282,-0.04832258,Avoid,GOOGL
2025-09-09,0.020144058104773106,0.015220621,Hold,MSFT
2025-09-09,0.03209182478332173,0.06826355,Buy,NVDA
2025-09-10,0.08249922836103889,-0.036114927,Avoid,AAPL
2025-09-10,0.004992836365215027,-0.10807935,Avoid,AMZN
2025-09-10,0.06501651544926208,-0.04885085,Avoid,GOOGL
2025-09-10,0.03509403041749095,0.0146317575,Hold,MSFT
2025-09-10,-0.0037218744713247895,0.103107855,Buy,NVDA
2025-09-11,0.11324609833499971,-0.04063187,Avoid,AAPL
2025-09-11,-0.010089149815177183,-0.11437204,Avoid,AMZN
2025-09-11,0.05058867579148811,-0.049391378,Avoid,GOOGL
2025-09-11,0.026825811860042823,0.016110497,Hold,MSFT
2025-09-11,0.03634926906361137,0.098405495,Buy,NVDA
2025-09-12,0.0869825265946085,-0.053048704,Avoid,AAPL
2025-09-12,-0.032610124917817215,-0.11320389,Avoid,AMZN
2025-09-12,0.04509966777408631,-0.07095237,Avoid,GOOGL
2025-09-12,-0.0013139831339477528,0.00808011,Hold,MSFT
2025-09-12,0.0034304352716230664,0.09492173,Buy,NVDA
2025-09-15,0.06594845796366715,-0.05029454,Avoid,AAPL
2025-09-15,-0.04848118221492459,-0.10421695,Avoid,AMZN
2025-09-15,-0.017765589602957065,-0.08444759,Avoid,GOOGL
2025-09-15,-0.010109438062713513,0.005422963,Hold,MSFT
2025-09-15,-0.004388185654008445,0.09776364,Buy,NVDA
2025-09-16,0.0786059206382532,-0.050707266,Avoid,AAPL
2025-09-16,-0.06793420209356978,-0.104312465,Avoid,AMZN
2025-09-16,-0.021380793119923573,-0.052686285,Avoid,GOOGL
2025-09-16,-0.003948609146629042,0.006398375,Hold,MSFT
2025-09-16,0.016068161024702668,0.0741837,Buy,NVDA
2025-09-17,0.06891501736474329,-0.04975969,Avoid,AAPL
2025-09-17,-0.05111821086261982,-0.10155333,Avoid,AMZN
2025-09-17,-0.011982527151043998,-0.05456362,Avoid,GOOGL
2025-09-17,0.002823418689463154,0.0073267394,Hold,MSFT
2025-09-17,0.04639144987961716,0.070189565,Buy,NVDA
2025-09-18,0.06957289389608211,-0.047646824,Avoid,AAPL
2025-09-18,-0.03918176707174676,-0.10320292,Avoid,AMZN
2025-09-18,-0.03166289727413399,-0.057101868,Avoid,GOOGL
2025-09-18,0.012095584619923364,0.011683609,Hold,MSFT
2025-09-18,0.03183159328188825,0.09486501,Buy,NVDA
2025-09-19,0.03718940936863542,-0.037201874,Avoid,AAPL
2025-09-19,-0.05145152928978744,-0.09357512,Avoid,AMZN
2025-09-19,-0.04561871859296484,-0.05782365,Avoid,GOOGL
2025-09-19,3.8615256888180834e-05,-0.0028091408,Avoid,MSFT
2025-09-19,0.056093281258844316,0.08597556,Buy,NVDA
2025-09-22,-0.002460168697282082,-0.03888893,Avoid,AAPL
2025-09-22,-0.030751658393006195,-0.088815376,Avoid,AMZN
2025-09-22,-0.0302142319724389,-0.05276848,Avoid,GOOGL
2025-09-22,0.0102245116143454,0.004819789,Hold,MSFT
2025-09-22,0.019770165023691492,0.08942208,Buy,NVDA
2025-09-23,0.010611956137247922,-0.039707296,Avoid,AAPL
2025-09-23,0.0077024149336232545,-0.10703117,Avoid,AMZN
2025-09-23,-0.023722482714773896,-0.0587366,Avoid,GOOGL
2025-09-23,0.012784007226597,0.011811859,Hold,MSFT
2025-09-23,0.05862242896373916,0.06435595,Buy,NVDA
2025-09-24,0.022630890571122744,-0.035456132,Avoid,AAPL
2025-09-24,-0.0031787838881068846,-0.067586906,Avoid,AMZN
2025-09-24,-0.00724285829893984,-0.06758827,Avoid,GOOGL
2025-09-24,0.01411349603057933,0.0066766418,Hold,MSFT
2025-09-24,0.06017969147313107,0.058258716,Buy,NVDA
2025-09-25,-0.0007007435667847815,-0.03684602,Avoid,AAPL
2025-09-25,0.012606005042402016,-0.06522131,Avoid,AMZN
2025-09-25,0.018877903901704768,-0.068166845,Avoid,GOOGL
2025-09-25,0.042482693331755673,0.0077484227,Hold,MSFT
2025-09-25,0.04417806291856601,0.059443302,Buy,NVDA
2025-09-26,0.003992797306819111,-0.035561517,Avoid,AAPL
2025-09-26,0.0091000091000091,-0.066049434,Avoid,AMZN
2025-09-26,-0.0031637868094426913,-0.076748095,Avoid,GOOGL
2025-09-26,0.02447894263481023,0.0077693607,Hold,MSFT
2025-09-26,0.038442112351983804,0.072011925,Buy,NVDA
2025-09-29,0.014267185473411137,-0.03375266,Avoid,AAPL
2025-09-29,0.01372822613314134,-0.08061978,Avoid,AMZN
2025-09-29,0.0023355869698831926,-0.068387814,Avoid,GOOGL
2025-09-29,0.019918383210260397,0.006976503,Hold,MSFT
2025-09-29,0.0399230134726424,0.08144997,Buy,NVDA
2025-09-30,-0.002317087538781775,-0.03906271,Avoid,AAPL
2025-09-30,0.0372090904950586,-0.06895351,Avoid,AMZN
2025-09-30,-0.006458247634718195,-0.06872818,Avoid,GOOGL
2025-09-30,0.008591562892170926,0.007962706,Hold,MSFT
2025-09-30,0.03210419123164316,0.09079878,Buy,NVDA
2025-10-01,-0.03985124290467794,-0.047371835,Avoid,AAPL
2025-10-01,-0.01930834428681499,-0.10236546,Avoid,AMZN
2025-10-01,-0.0340138832176399,-0.07631033,Avoid,GOOGL
2025-10-01,-0.016836312558927202,0.0068591856,Hold,MSFT
2025-10-01,-0.02179021576586206,0.06980131,Buy,NVDA
2025-10-02,-0.03682961925874071,-0.049245413,Avoid,AAPL
2025-10-02,-0.010521109662335342,-0.09818497,Avoid,AMZN
2025-10-02,-0.006268061378159437,-0.075404786,Avoid,GOOGL
2025-10-02,-0.0032768449218599574,0.008581119,Hold,MSFT
2025-10-02,-0.0030176293080628577,0.06412201,Buy,NVDA
2025-10-03,-0.03972560266645986,-0.058381833,Avoid,AAPL
2025-10-03,-0.014213475468088035,-0.08967584,Avoid,AMZN
2025-10-03,0.00040758100672506344,-0.07544196,Avoid,GOOGL
2025-10-03,-0.007306465642215082,0.008447798,Hold,MSFT
2025-10-03,-0.04045410937000322,0.06586966,Buy,NVDA
2025-10-06,-0.02863376056722114,-0.048509482,Avoid,AAPL
2025-10-06,-0.024128564961521107,-0.093636654,Avoid,AMZN
2025-10-06,0.002395879087968671,-0.07478293,Avoid,GOOGL
2025-10-06,-0.028643320657623584,0.0050879344,Hold,MSFT
2025-10-06,-0.0307750350328769,0.08630865,Buy,NVDA
2025-10-07,-0.035207423580786136,-0.04853626,Avoid,AAPL
2025-10-07,-0.03296059157723871,-0.094475016,Avoid,AMZN
2025-10-07,0.02319335937500007,-0.069118164,Avoid,GOOGL
2025-10-07,-0.023607771288980502,0.0027657894,Hold,MSFT
2025-10-07,-0.017455685257241622,0.08532456,Buy,NVDA
2025-10-08,-0.022359141284972527,-0.048459496,Avoid,AAPL
2025-10-08,-0.054080454666548296,-0.097677216,Avoid,AMZN
2025-10-08,0.035483607227536615,-0.07155872,Avoid,GOOGL
2025-10-08,-0.02147280175288174,0.0045757764,Hold,MSFT
2025-10-08,-0.031145893924171192,0.08179852,Buy,NVDA
2025-10-09,0.03227838135726664,-0.053168427,Avoid,AAPL
2025-10-09,-0.04944234653552305,-0.09908568,Avoid,AMZN
2025-10-09,0.0621868918974869,-0.06435881,Avoid,GOOGL
2025-10-09,-0.010738897396630961,0.007244428,Hold,MSFT
2025-10-09,-0.05156566443371245,0.072623365,Buy,NVDA
2025-10-10,0.07134994088147743,-0.032794565,Avoid,AAPL
2025-10-10,0.026158894486296606,-0.084879644,Avoid,AMZN
2025-10-10,0.05871412266982295,-0.054415315,Avoid,GOOGL
2025-10-10,0.013112572412713302,0.0059903995,Hold,MSFT
2025-10-10,-0.010919414719371042,0.108650595,Buy,NVDA
2025-10-13,0.04356779455705399,-0.030754462,Avoid,AAPL
2025-10-13,-0.009633298495933133,-0.11172708,Avoid,AMZN
2025-10-13,0.030882654106082295,-0.0643232,Avoid,GOOGL
2025-10-13,0.012625231008656763,0.001082125,Hold,MSFT
2025-10-13,-0.04269328802039078,0.06866895,Buy,NVDA
2025-10-14,0.04766517334624843,-0.037184324,Avoid,AAPL
2025-10-14,0.021720042515827983,-0.09841881,Avoid,AMZN
2025-10-14,0.031085760847423198,-0.06398732,Avoid,GOOGL
2025-10-14,0.0136106080962671,0.0018304941,Hold,MSFT
2025-10-14,0.011831361439760015,0.0892874,Buy,NVDA
2025-10-15,0.05406272559557227,-0.026880378,Avoid,AAPL
2025-10-15,0.04007978846778316,-0.10149187,Avoid,AMZN
2025-10-15,0.03541409393299611,-0.060468357,Avoid,GOOGL
2025-10-15,0.01982743509339163,0.007410282,Hold,MSFT
2025-10-15,0.03575599177000488,0.095780246,Buy,NVDA
2025-10-16,0.0863204687815721,-0.027439201,Avoid,AAPL
2025-10-16,0.05828320977292861,-0.09921752,Avoid,AMZN
2025-10-16,0.07082637397598017,-0.055503298,Avoid,GOOGL
2025-10-16,0.03891636207267248,0.0118408725,Hold,MSFT
2025-10-16,0.05324239590781589,0.079241574,Buy,NVDA
2025-10-17,0.06623330294502362,-0.03755512,Avoid,AAPL
2025-10-17,0.07608899737138569,-0.07595775,Avoid,AMZN
2025-10-17,0.055941571259376294,-0.055782173,Avoid,GOOGL
2025-10-17,0.055473343977569235,0.0049462155,Hold,MSFT
2025-10-17,0.09720554524615219,0.07543551,Buy,NVDA
2025-10-20,0.028447223917022497,-0.03692357,Avoid,AAPL
2025-10-20,0.06383961566888406,-0.0789351,Avoid,AMZN
2025-10-20,0.07023971935295256,-0.048229888,Avoid,GOOGL
2025-10-20,0.04791114379148202,0.0079392055,Hold,MSFT
2025-10-20,0.1335961454226895,0.07640094,Buy,NVDA
2025-10-21,0.03284240971191535,-0.048812874,Avoid,AAPL
2025-10-21,0.003738233572039871,-0.11333583,Avoid,AMZN
2025-10-21,0.1238521121137108,-0.036832366,Avoid,GOOGL
2025-10-21,0.015647336089325083,0.018880818,Hold,MSFT
2025-10-21,0.11994921616250823,0.084009744,Buy,NVDA
2025-10-22,0.04612110659702076,-0.03823331,Avoid,AAPL
2025-10-22,0.12053223216334027,-0.10431186,Avoid,AMZN
2025-10-22,0.11720767610949978,-0.057197284,Avoid,GOOGL
2025-10-22,-0.005244553732662271,0.016965773,Hold,MSFT
2025-10-22,0.12319724872420683,0.10758486,Buy,NVDA
2025-10-23,0.036482009399799786,-0.03581225,Avoid,AAPL
2025-10-23,0.14885340811434256,-0.11204891,Avoid,AMZN
2025-10-23,0.12106843685791059,-0.059239306,Avoid,GOOGL
2025-10-23,-0.006781158752113057,0.016709844,Hold,MSFT
2025-10-23,0.1357048748353096,0.08268751,Buy,NVDA
2025-10-24,0.027471273114679354,-0.04737281,Avoid,AAPL
2025-10-24,0.11199322064136294,-0.117104106,Avoid,AMZN
2025-10-24,0.06779008925823332,-0.05722431,Avoid,GOOGL
2025-10-24,-0.01772311453180797,0.023103766,Buy,MSFT
2025-10-24,0.06673467196392144,0.07351809,Buy,NVDA
2025-10-27,0.0049477325992336,-0.052432433,Avoid,AAPL
2025-10-27,0.10234832797285981,-0.12143826,Avoid,AMZN
2025-10-27,0.05585471831247455,-0.05074775,Avoid,GOOGL
2025-10-27,-0.04583082480433466,0.0108164055,Hold,MSFT
2025-10-27,0.019426601911326957,0.07630164,Buy,NVDA
2025-10-28,0.0028624535315984454,-0.05188546,Avoid,AAPL
2025-10-28,0.060152671755725154,-0.11212141,Avoid,AMZN
2025-10-28,0.06460537630388444,-0.047711153,Avoid,GOOGL
2025-10-28,-0.08295976534395931,-0.0008581472,Avoid,MSFT
2025-10-28,-0.06441824603293035,0.08262261,Buy,NVDA
2025-10-29,-0.004560622914349134,-0.05214041,Avoid,AAPL
2025-10-29,0.061267911419887036,-0.10570599,Avoid,AMZN
2025-10-29,0.015515169173616896,-0.053851333,Avoid,GOOGL
2025-10-29,-0.08259625150032308,0.0038646273,Hold,MSFT
2025-10-29,-0.09123840803709422,0.0755688,Buy,NVDA
2025-10-30,-0.007258658806190017,-0.04785753,Avoid,AAPL
2025-10-30,0.11460109485775818,-0.103812665,Avoid,AMZN
2025-10-30,0.030623845388659955,-0.059599895,Avoid,GOOGL
2025-10-30,-0.0375836883749239,0.013574652,Hold,MSFT
2025-10-30,-0.018926511903001503,0.09122429,Buy,NVDA
2025-10-31,0.01804933979361614,-0.047252197,Avoid,AAPL
2025-10-31,0.019981983457538266,-0.119870685,Avoid,AMZN
2025-10-31,0.03598990006756999,-0.048956543,Avoid,GOOGL
2025-10-31,-0.01763194994302918,0.013108667,Hold,MSFT
2025-10-31,-0.04607634944935558,0.08523938,Buy,NVDA
2025-11-03,0.01642817320200712,-0.04618078,Avoid,AAPL
2025-11-03,-0.03858267716535438,-0.09549776,Avoid,AMZN
2025-11-03,0.010538559142816692,-0.052864272,Avoid,GOOGL
2025-11-03,-0.011391988859447201,0.009256663,Hold,MSFT
2025-11-03,-0.06322505800464029,0.09044746,Buy,NVDA
2025-11-04,0.010776181306472996,-0.046810374,Avoid,AAPL
2025-11-04,-0.04708807957644786,-0.09232624,Avoid,AMZN
2025-11-04,0.0037111767673127212,-0.040241677,Avoid,GOOGL
2025-11-04,-0.021464818307312464,0.00896659,Hold,MSFT
2025-11-04,-0.05953998691428851,0.07829668,Buy,NVDA
2025-11-05,0.008403050270230394,-0.053588014,Avoid,AAPL
2025-11-05,-0.06199040767386088,-0.09823069,Avoid,AMZN
2025-11-05,-0.02778657099644746,-0.051095624,Avoid,GOOGL
2025-11-05,0.005954728290874639,0.010897887,Hold,MSFT
2025-11-05,-0.025818349469801855,0.06484841,Buy,NVDA
2025-11-06,-0.008562849835044677,-0.046797343,Avoid,AAPL
2025-11-06,-0.04184496379196835,-0.09424333,Avoid,AMZN
2025-11-06,0.0009482001755925613,-0.051218975,Avoid,GOOGL
2025-11-06,0.020901227117280197,0.012734679,Hold,MSFT
2025-11-06,-0.007868991918332721,0.07161494,Buy,NVDA
2025-11-07,-0.0038365552948188978,-0.05183311,Avoid,AAPL
2025-11-07,-0.08943987561883714,-0.10066684,Avoid,AMZN
2025-11-07,0.01954595990388405,-0.06031263,Avoid,GOOGL
2025-11-07,-0.006098788293546904,0.011868083,Hold,MSFT
2025-11-07,-0.03608822747807596,0.0650898,Buy,NVDA
2025-11-10,-0.003229039082507533,-0.0566409,Avoid,AAPL
2025-11-10,-0.10350241545893722,-0.10778095,Avoid,AMZN
2025-11-10,0.009341606342640398,-0.07219865,Avoid,GOOGL
2025-11-10,-0.03731225296442687,0.014780008,Hold,MSFT
2025-11-10,-0.0629490077869882,0.07985048,Buy,NVDA
2025-11-11,-0.0326975476839237,-0.05147229,Avoid,AAPL
2025-11-11,-0.12830188679245286,-0.12108181,Avoid,AMZN
2025-11-11,-0.006384950739761813,-0.067233145,Avoid,GOOGL
2025-11-11,-0.05946764173940395,0.012162555,Hold,MSFT
2025-11-11,-0.0648167322427004,0.09142734,Buy,NVDA
2025-11-12,-0.007240282297875518,-0.052956037,Avoid,AAPL
2025-11-12,-0.09627354627354624,-0.09440377,Avoid,AMZN
2025-11-12,0.045167590945554906,-0.05470558,Avoid,GOOGL
2025-11-12,-0.07633916343858822,0.016144462,Hold,MSFT
2025-11-12,-0.07698658410732721,0.08699398,Buy,NVDA
2025-11-13,0.01088111375709847,-0.058481805,Avoid,AAPL
2025-11-13,-0.047562926172236765,-0.0807646,Avoid,AMZN
2025-11-13,0.143626377571167,-0.06845685,Avoid,GOOGL
2025-11-13,-0.058197063323332514,0.018632622,Hold,MSFT
2025-11-13,-0.02306539655356953,0.11670581,Buy,NVDA
2025-11-14,0.016739473587606923,-0.05744237,Avoid,AAPL
2025-11-14,-0.021389918616046742,-0.08405648,Avoid,AMZN
2025-11-14,0.17014579790890333,-0.06117682,Avoid,GOOGL
2025-11-14,-0.06505547061821318,0.016078135,Hold,MSFT
2025-11-14,-0.0649418940947573,0.108978234,Buy,NVDA
2025-11-17,0.03772526732969428,-0.042225953,Avoid,AAPL
2025-11-17,-0.01593163567655777,-0.08436436,Avoid,AMZN
2025-11-17,0.1225528033120483,-0.063033395,Avoid,GOOGL
2025-11-17,-0.04333090307198173,0.013294506,Hold,MSFT
2025-11-17,-0.03397642015005361,0.11298484,Buy,NVDA
2025-11-18,0.042663775052348286,-0.03947366,Avoid,AAPL
2025-11-18,0.047944282183778865,-0.06448294,Avoid,AMZN
2025-11-18,0.12628394540593793,-0.06305181,Avoid,GOOGL
2025-11-18,-0.003604771259037302,0.020293258,Buy,MSFT
2025-11-18,-0.024040582267313704,0.12197778,Buy,NVDA
2025-11-19,0.05414060172773317,-0.03960759,Avoid,AAPL
2025-11-19,0.05024922538057388,-0.06856266,Avoid,AMZN
2025-11-19,0.07540726068098762,-0.069603935,Avoid,GOOGL
2025-11-19,-0.0007800952537362363,0.017288405,Hold,MSFT
2025-11-19,-0.03538494531417554,0.12081255,Buy,NVDA
2025-11-20,0.07489201877934272,-0.040323578,Avoid,AAPL
2025-11-20,0.0795799944736115,-0.05438619,Avoid,AMZN
2025-11-20,0.09106926930385219,-0.061394427,Avoid,GOOGL
2025-11-20,0.024183266099533876,0.017687729,Hold,MSFT
2025-11-20,0.004539415411869031,0.11225949,Buy,NVDA
2025-11-21,0.04663155180669626,-0.03328465,Avoid,AAPL
2025-11-21,0.05297022973401603,-0.07055542,Avoid,AMZN
2025-11-21,0.06664219448708526,-0.06160831,Avoid,GOOGL
2025-11-21,0.011882572227399843,0.017528282,Hold,MSFT
2025-11-21,0.003969141323792531,0.111175254,Buy,NVDA
2025-11-24,0.017323861988982215,-0.048796196,Avoid,AAPL
2025-11-24,0.012506628955276704,-0.08024096,Avoid,AMZN
2025-11-24,-0.003013371837528971,-0.053583726,Avoid,GOOGL
2025-11-24,0.01443037974683539,0.021029191,Buy,MSFT
2025-11-24,0.004546699534374057,0.09825742,Buy,NVDA
2025-11-25,0.006535003791024101,-0.049277145,Avoid,AAPL
2025-11-25,-0.0006095702529715956,-0.109646,Avoid,AMZN
2025-11-25,-0.00670912688597581,-0.058839176,Avoid,GOOGL
2025-11-25,0.012935281662089385,0.019965507,Hold,MSFT
2025-11-25,0.02581261950286809,0.13574596,Buy,NVDA
2025-11-26,0.001225004503692938,-0.048501566,Avoid,AAPL
2025-11-26,-0.009905742712515318,-0.114938416,Avoid,AMZN
2025-11-26,-0.019471792467572937,-0.04508406,Avoid,GOOGL
2025-11-26,0.011369721936148264,0.018454576,Hold,MSFT
2025-11-26,0.029346499500721296,0.12409752,Buy,NVDA
2025-11-28,-0.005988882911959891,-0.0527507,Avoid,AAPL
2025-11-28,-0.02272532372866826,-0.13464089,Avoid,AMZN
2025-11-28,-0.00968205384471242,-0.048028853,Avoid,GOOGL
2025-11-28,2.032479014652325e-05,0.013100796,Hold,MSFT
2025-11-28,0.04502824858757062,0.0971893,Buy,NVDA
2025-12-01,-0.015259625574002294,-0.045974415,Avoid,AAPL
2025-12-01,-0.008978963571062058,-0.13361654,Avoid,AMZN
2025-12-01,0.016894788656356168,-0.04552168,Avoid,GOOGL
2025-12-01,-0.016805686814315664,0.019349147,Hold,MSFT
2025-12-01,0.021453979546465173,0.10083542,Buy,NVDA
2025-12-02,-0.02851252664313926,-0.05783144,Avoid,AAPL
2025-12-02,-0.017660609163040637,-0.11517664,Avoid,AMZN
2025-12-02,-0.010702637661885296,-0.05794527,Avoid,GOOGL
2025-12-02,-0.013326530612244843,0.015480534,Hold,MSFT
2025-12-02,-0.002920753885153759,0.108391844,Buy,NVDA
2025-12-03,-0.02065810311455219,-0.05675619,Avoid,AAPL
2025-12-03,-0.02663740425165676,-0.113416635,Avoid,AMZN
2025-12-03,-0.03234990457716727,-0.053242803,Avoid,GOOGL
2025-12-03,0.0016745860632573933,0.019808767,Hold,MSFT
2025-12-03,-0.025446851160977745,0.117349446,Buy,NVDA
2025-12-04,-0.023477021731385734,-0.051488303,Avoid,AAPL
2025-12-04,-0.028676181746759292,-0.10164766,Avoid,AMZN
2025-12-04,-0.02959511365783004,-0.067545556,Avoid,GOOGL
2025-12-04,-0.012519757091756057,0.013528781,Hold,MSFT
2025-12-04,-0.03866288581088452,0.107821964,Buy,NVDA
2025-12-05,-0.014958031422627015,-0.047785524,Avoid,AAPL
2025-12-05,-0.03036640090619962,-0.100377806,Avoid,AMZN
2025-12-05,-0.04575590624708186,-0.07072935,Avoid,GOOGL
2025-12-05,-0.014011921516681923,0.01750472,Hold,MSFT
2025-12-05,-0.025711309686968904,0.11734197,Buy,NVDA
2025-12-08,-0.021771204433408946,-0.05252941,Avoid,AAPL
2025-12-08,-0.024769712195336843,-0.095265165,Avoid,AMZN
2025-12-08,-0.05418844829784521,-0.05685807,Avoid,GOOGL
2025-12-08,-0.030344996130503805,0.015840543,Hold,MSFT
2025-12-08,-0.07873888439773653,0.1156018,Buy,NVDA
2025-12-09,-0.01800274190057006,-0.051378008,Avoid,AAPL
2025-12-09,-0.005089505089505075,-0.101220734,Avoid,AMZN
2025-12-09,-0.04610823766872715,-0.06607613,Avoid,GOOGL
2025-12-09,-0.016340799154505842,0.014398691,Hold,MSFT
2025-12-09,-0.05855003514083372,0.08385477,Buy,NVDA
2025-12-10,-0.01832986584403457,-0.060802497,Avoid,AAPL
2025-12-10,-0.01911295193718184,-0.10339396,Avoid,AMZN
2025-12-10,-0.040754504856187986,-0.06539475,Avoid,GOOGL
2025-12-10,0.015379471748579098,0.013572201,Hold,MSFT
2025-12-10,-0.015181194906953924,0.101108775,Buy,NVDA
2025-12-11,-0.025392943207567336,-0.060373534,Avoid,AAPL
2025-12-11,-0.008033698106652746,-0.10218492,Avoid,AMZN
2025-12-11,-0.00848189994558792,-0.056653887,Avoid,GOOGL
2025-12-11,0.0029991519639274177,0.011428213,Hold,MSFT
2025-12-11,0.015254518322002933,0.061598152,Buy,NVDA
2025-12-12,-0.02127353744430056,-0.058090027,Avoid,AAPL
2025-12-12,0.02630531853751266,-0.09262085,Avoid,AMZN
2025-12-12,0.01636005043810017,-0.050497502,Avoid,GOOGL
2025-12-12,0.017386579733768105,0.017242756,Hold,MSFT
2025-12-12,0.08107644840589645,0.06589747,Buy,NVDA
2025-12-15,-0.0010944511327569638,-0.04171116,Avoid,AAPL
2025-12-15,0.04421677001887303,-0.08606674,Avoid,AMZN
2025-12-15,0.019044838102653776,-0.048223447,Avoid,GOOGL
2025-12-15,0.027800008424244953,0.019389946,Hold,MSFT
2025-12-15,0.06988484882863476,0.063108854,Buy,NVDA
2025-12-16,-0.004406248862022637,-0.04280233,Avoid,AAPL
2025-12-16,0.044751976994967683,-0.0645467,Avoid,AMZN
2025-12-16,0.022637570538539317,-0.04139795,Avoid,GOOGL
2025-12-16,0.023762043703688143,0.013797216,Hold,MSFT
2025-12-16,0.07207967589466578,0.061818186,Buy,NVDA
2025-12-17,0.0070629782224838735,-0.037383232,Avoid,AAPL
2025-12-17,0.04880914719573364,-0.06526044,Avoid,AMZN
2025-12-17,0.05675384200593143,-0.030968316,Avoid,GOOGL
2025-12-17,0.02306141308913723,0.024690352,Buy,MSFT
2025-12-17,0.1010881010881011,0.06308121,Buy,NVDA
2025-12-18,0.003269774789668931,-0.032486912,Avoid,AAPL
2025-12-18,0.02544540483330398,-0.09851751,Avoid,AMZN
2025-12-18,0.03765787211532118,-0.045898452,Avoid,GOOGL
2025-12-18,0.007231703789412785,0.018195901,Hold,MSFT
2025-12-18,0.07694958079705988,0.08251277,Buy,NVDA
2025-12-19,-0.006613804947564593,-0.020862637,Avoid,AAPL
2025-12-19,0.015262810644380906,-0.10426815,Avoid,AMZN
2025-12-19,0.019012892303685292,-0.054629933,Avoid,GOOGL
2025-12-19,0.003210405004939089,0.0054767537,Hold,MSFT
2025-12-19,0.03618984474280337,0.096477576,Buy,NVDA
2025-12-22,0.00014761781747043442,-0.021085251,Avoid,AAPL
2025-12-22,-0.008448977805016885,-0.10829578,Avoid,AMZN
2025-12-22,0.0178836593711667,-0.06063324,Avoid,GOOGL
2025-12-22,-0.024705105996865498,0.015672868,Hold,MSFT
2025-12-22,0.028090805160868836,0.09402208,Buy,NVDA
2025-12-23,-0.018725216625055156,-0.01976025,Avoid,AAPL
2025-12-23,0.003963125700008684,-0.10144736,Avoid,AMZN
2025-12-23,0.009448067440750661,-0.059026323,Avoid,GOOGL
2025-12-23,-0.02875629043853343,0.014233137,Hold,MSFT
2025-12-23,-0.00576079488399135,0.069661684,Buy,NVDA
2025-12-24,-0.041817318578576346,-0.029517785,Avoid,AAPL
2025-12-24,0.036793183578621276,-0.09672492,Avoid,AMZN
2025-12-24,0.0014645483778535973,-0.051353037,Avoid,GOOGL
2025-12-24,-0.019486906274333003,0.010420156,Hold,MSFT
2025-12-24,-0.007263665765335902,0.09023762,Buy,NVDA
2025-12-26,-0.04780541331382587,-0.031890597,Avoid,AAPL
2025-12-26,0.03887837605367277,-0.094245896,Avoid,AMZN
2025-12-26,0.02845204299703364,-0.056177855,Avoid,GOOGL
2025-12-26,-0.008693690922884403,0.021885354,Buy,MSFT
2025-12-26,-0.007452894557287501,0.09991184,Buy,NVDA
2025-12-29,-0.053769725306838,-0.032545343,Avoid,AAPL
2025-12-29,0.06127461541776188,-0.10122569,Avoid,AMZN
2025-12-29,0.039705319556065787,-0.0503124,Avoid,GOOGL
2025-12-29,-0.018456169164442638,0.023851363,Buy,MSFT
2025-12-29,-0.016895122728721745,0.10497964,Buy,NVDA
2025-12-30,-0.05020506811190853,-0.032545343,Avoid,AAPL
2025-12-30,0.06386272739001417,-0.09592318,Avoid,AMZN
2025-12-30,0.0487175402262226,-0.059683926,Avoid,GOOGL
2025-12-30,-0.016821202921145577,0.026065907,Buy,MSFT
2025-12-30,-0.014290284739255511,0.10564117,Buy,NVDA
2025-12-31,-0.04270580445817705,-0.024962896,Avoid,AAPL
2025-12-31,0.06780175028160473,-0.09478983,Avoid,AMZN
2025-12-31,0.0630351437699681,-0.055077795,Avoid,GOOGL
2025-12-31,-0.021129071961926666,0.028772116,Buy,MSFT
2025-12-31,-0.013863709075397218,0.0925059,Buy,NVDA
2026-01-02,-0.03675141138703361,-0.023524035,Avoid,AAPL
2026-01-02,0.07108167770419424,-0.08700714,Avoid,AMZN
2026-01-02,0.06694786248890021,-0.056940474,Avoid,GOOGL
2026-01-02,-0.004799763183490468,0.022429368,Buy,MSFT
2026-01-02,-0.01609743182419906,0.09423187,Buy,NVDA
2026-01-05,-0.02731422584748938,-0.027459266,Avoid,AAPL
2026-01-05,0.015403758688749693,-0.10556775,Avoid,AMZN
2026-01-05,0.05984495146854913,-0.063879944,Avoid,GOOGL
2026-01-05,-0.028486835148567254,0.024471262,Buy,MSFT
2026-01-05,-0.026472464384435564,0.08193032,Buy,NVDA
2026-01-06,-0.015817960054886546,-0.030899523,Avoid,AAPL
2026-01-06,-0.01141410368156726,-0.115702346,Avoid,AMZN
2026-01-06,0.059163884914957915,-0.055885732,Avoid,GOOGL
2026-01-06,-0.04566257758458541,0.013837487,Hold,MSFT
2026-01-06,-0.0010147404400768945,0.07088045,Buy,NVDA
2026-01-07,-0.0184381362117312,-0.024464808,Avoid,AAPL
2026-01-07,-0.010101010101010091,-0.112902135,Avoid,AMZN
2026-01-07,0.024532456657258842,-0.055954456,Avoid,GOOGL
2026-01-07,-0.04883446749539788,0.010028818,Hold,MSFT
2026-01-07,-0.01522923166411096,0.060062487,Buy,NVDA
2026-01-08,-0.047637430512662254,-0.015004215,Avoid,AAPL
2026-01-08,-0.06208128628852163,-0.12062733,Avoid,AMZN
2026-01-08,-0.011809453697739229,-0.059679158,Avoid,GOOGL
2026-01-08,-0.04934011001652346,0.017136544,Hold,MSFT
2026-01-08,-0.037667531344574144,0.07752077,Buy,NVDA
2026-01-09,-0.0451864132320623,-0.010187316,Avoid,AAPL
2026-01-09,-0.06496078906944779,-0.115468994,Avoid,AMZN
2026-01-09,-0.002309047821595646,-0.049999665,Avoid,GOOGL
2026-01-09,-0.0733809046903688,0.015443808,Hold,MSFT
2026-01-09,-0.008330628583793251,0.07301494,Buy,NVDA
2026-01-12,-0.045725264169068226,-0.014662525,Avoid,AAPL
2026-01-12,-0.049214914594068224,-0.11295511,Avoid,AMZN
2026-01-12,-0.005680281309169727,-0.044206962,Avoid,GOOGL
2026-01-12,-0.05457060228844465,0.015941458,Hold,MSFT
2026-01-12,-0.0005407159078619786,0.08648393,Buy,NVDA
2026-01-13,-0.04983719593947527,-0.010496852,Avoid,AAPL
2026-01-13,-0.01417971970321516,-0.10578316,Avoid,AMZN
2026-01-13,-0.023779092233153998,-0.049897417,Avoid,GOOGL
2026-01-13,-0.010028257590243752,0.019913197,Hold,MSFT
2026-01-13,0.010010225499165734,0.0648531,Buy,NVDA
2026-01-14,-0.01750269272195716,-0.005531101,Avoid,AAPL
2026-01-14,0.007479399957743426,-0.09741631,Avoid,AMZN
2026-01-14,-0.008087776158901095,-0.043625727,Avoid,GOOGL
2026-01-14,0.02372763289651264,0.022707757,Buy,MSFT
2026-01-14,0.018182810964289683,0.09962547,Buy,NVDA
2026-01-15,0.00023236900197514535,-0.002366419,Avoid,AAPL
2026-01-15,0.027290284658661516,-0.10473328,Avoid,AMZN
2026-01-15,0.005522871893384485,-0.041983042,Avoid,GOOGL
2026-01-15,0.052380326720098014,0.022595491,Buy,MSFT
2026-01-15,0.007858861267040891,0.09484583,Buy,NVDA
2026-01-16,0.0035612256877861565,-0.0068202624,Avoid,AAPL
2026-01-16,0.016267982602877158,-0.10473328,Avoid,AMZN
2026-01-16,0.01798147363322637,-0.047844414,Avoid,GOOGL
2026-01-16,0.04734049493324051,0.012462314,Hold,MSFT
2026-01-16,0.028405734844010207,0.09765102,Buy,NVDA
2026-01-20,0.04693960275638421,0.00403952,Hold,AAPL
2026-01-20,0.04645021645021641,-0.07173507,Avoid,AMZN
2026-01-20,0.05121678668984355,-0.047487147,Avoid,GOOGL
2026-01-20,-0.046246589809029265,0.014097158,Hold,MSFT
2026-01-20,0.08109170550906945,0.08123678,Buy,NVDA
2026-01-21,0.047769028871391124,0.0036381504,Hold,AAPL
2026-01-21,0.034542389001772554,-0.077544935,Avoid,AMZN
2026-01-21,0.030909312381996398,-0.06036358,Avoid,GOOGL
2026-01-21,-0.03111841660849788,0.033751763,Buy,MSFT
2026-01-21,0.0426030984071569,0.109459184,Buy,NVDA
2026-01-22,0.08721562311254277,0.001257102,Hold,AAPL
2026-01-22,0.03678415976785868,-0.077422805,Avoid,AMZN
2026-01-22,0.042497884173618675,-0.05514281,Avoid,GOOGL
2026-01-22,-0.06155517134370701,0.021372408,Buy,MSFT
2026-01-22,0.004165764985933836,0.10930976,Buy,NVDA
2026-01-23,0.08643767134333183,0.00021843021,Hold,AAPL
2026-01-23,-0.0022579026593075435,-0.11024478,Avoid,AMZN
2026-01-23,0.03735955911457535,-0.05780435,Avoid,GOOGL
2026-01-23,-0.11748041635368604,0.027603056,Buy,MSFT
2026-01-23,-0.039057920818457846,0.10743008,Buy,NVDA
2026-01-26,0.08253396499745512,-0.0055431086,Avoid,AAPL
2026-01-26,-0.022774934988675357,-0.10492633,Avoid,AMZN
2026-01-26,-0.0007494229443328638,-0.08607581,Avoid,GOOGL
2026-01-26,-0.11926937143829204,0.020969661,Buy,MSFT
2026-01-26,-0.06585509733469191,0.106885254,Buy,NVDA
2026-01-27,0.06830061563480096,-0.011257341,Avoid,AAPL
2026-01-27,-0.0898724865129966,-0.11173262,Avoid,AMZN
2026-01-27,-0.010955223880597062,-0.07548928,Avoid,GOOGL
2026-01-27,-0.18084398019060297,0.015838213,Hold,MSFT
2026-01-27,-0.08826649692340342,0.103890635,Buy,NVDA
2026-01-28,0.08454219310559978,-0.014256375,Avoid,AAPL
2026-01-28,-0.1345212131188017,-0.10306571,Avoid,AMZN
2026-01-28,-0.039193529201855454,-0.070159,Avoid,GOOGL
2026-01-28,-0.16711998837281733,0.02068477,Buy,MSFT
2026-01-28,-0.03190267335004184,0.09256642,Buy,NVDA
2026-01-29,0.06326467399721246,-0.028715914,Avoid,AAPL
2026-01-29,-0.1365573160137343,-0.099089794,Avoid,AMZN
2026-01-29,-0.042107128093072835,-0.06424992,Avoid,GOOGL
2026-01-29,-0.04590542099192613,-0.035603926,Avoid,MSFT
2026-01-29,-0.012830502311568225,0.058450174,Buy,NVDA
2026-01-30,0.05472483428395247,-0.031207351,Avoid,AAPL
2026-01-30,-0.13514417049728375,-0.11437025,Avoid,AMZN
2026-01-30,-0.058783564233598144,-0.07633693,Avoid,GOOGL
2026-01-30,-0.03955471891050231,-0.030589735,Avoid,MSFT
2026-01-30,-0.013550986239732138,0.06498576,Buy,NVDA
2026-02-02,0.02033258027480467,-0.04949831,Avoid,AAPL
2026-02-02,-0.16002634178465588,-0.11751692,Avoid,AMZN
2026-02-02,-0.09733256016236588,-0.06897416,Avoid,GOOGL
2026-02-02,-0.04487800269268016,-0.029659176,Avoid,MSFT
2026-02-02,0.023921124939389027,0.07110738,Buy,NVDA
2026-02-03,-0.028759091583791002,-0.0480479,Avoid,AAPL
2026-02-03,-0.16352359399882663,-0.10318092,Avoid,AMZN
2026-02-03,-0.09195773407690046,-0.056724366,Avoid,GOOGL
2026-02-03,-0.02278641083631236,-0.018882126,Avoid,MSFT
2026-02-03,0.03659753798380833,0.09446371,Buy,NVDA
2026-02-04,-0.07490325147383271,-0.04893602,Avoid,AAPL
2026-02-04,-0.14678741576891718,-0.09633473,Avoid,AMZN
2026-02-04,-0.08195836083278334,-0.06561209,Avoid,GOOGL
2026-02-04,-0.03107269610565201,-0.03128281,Avoid,MSFT
2026-02-04,0.049486193237269674,0.076478496,Buy,NVDA
2026-02-05,-0.04360117429596618,-0.045826606,Avoid,AAPL
2026-02-05,-0.09672639094705641,-0.06369697,Avoid,AMZN
2026-02-05,-0.08604714333142183,-0.08639448,Avoid,GOOGL
2026-02-05,0.008103233672873213,-0.020044947,Avoid,MSFT
2026-02-05,0.07615778450081455,0.09281249,Buy,NVDA
2026-02-06,-0.04951100244498771,-0.042160004,Avoid,AAPL
2026-02-06,-0.02629326740205402,-0.043846965,Avoid,AMZN
2026-02-06,-0.05930052615289391,-0.079069346,Avoid,GOOGL
2026-02-06,-0.00383905868275406,-0.020943334,Avoid,MSFT
2026-02-06,0.013861172536540603,0.077938214,Buy,NVDA
2026-02-09,-0.051125191173257666,-0.04232049,Avoid,AAPL
2026-02-09,-0.018493675737830517,-0.05052415,Avoid,AMZN
2026-02-09,-0.06424167694204679,-0.081918605,Avoid,GOOGL
2026-02-09,-0.03660541586073511,-0.024480894,Avoid,MSFT
2026-02-09,-0.011260787202694099,0.09286185,Buy,NVDA
2026-02-10,-0.03325051154633157,-0.040937964,Avoid,AAPL
2026-02-10,0.015220332431387734,-0.039028037,Avoid,AMZN
2026-02-10,-0.011706367887518495,-0.07254479,Avoid,GOOGL
2026-02-10,-0.038812398673990285,-0.022464693,Avoid,MSFT
2026-02-10,0.0067890102895937264,0.09260199,Buy,NVDA
2026-02-11,-0.03382940108892919,-0.04993394,Avoid,AAPL
2026-02-11,0.005831046648373176,-0.033187766,Avoid,AMZN
2026-02-11,0.001156329296887591,-0.07176542,Avoid,GOOGL
2026-02-11,-0.04921235502139124,-0.022341724,Avoid,MSFT
2026-02-11,0.007892659826361483,0.092577,Buy,NVDA
2026-02-12,0.03977381270775214,-0.04168157,Avoid,AAPL
2026-02-12,0.04488977955911828,-0.010288093,Avoid,AMZN
2026-02-12,0.005010181982739152,-0.07191265,Avoid,GOOGL
2026-02-12,-0.03195301612582116,-0.03323932,Avoid,MSFT
2026-02-12,0.031614421739595576,0.10435215,Buy,NVDA
2026-02-13,0.07213230119634068,-0.023035858,Avoid,AAPL
2026-02-13,0.05961064439861157,-0.007495573,Avoid,AMZN
2026-02-13,0.02290699954251353,-0.08557714,Avoid,GOOGL
2026-02-13,-0.0017940795375260901,-0.02627623,Avoid,MSFT
2026-02-13,0.06974454351512499,0.09162049,Buy,NVDA
2026-02-17,0.034371684098832775,-0.036734108,Avoid,AAPL
2026-02-17,0.03365647526721343,-0.033819515,Avoid,AMZN
2026-02-17,0.014298923452876243,-0.07378702,Avoid,GOOGL
2026-02-17,0.012246132137277663,-0.03729042,Avoid,MSFT
2026-02-17,-0.00043250256798406503,0.09371486,Buy,NVDA
2026-02-18,-0.0006430868167203174,-0.0471422,Avoid,AAPL
2026-02-18,0.025440695346452505,-0.06746653,Avoid,AMZN
2026-02-18,0.024643021649009705,-0.086064406,Avoid,GOOGL
2026-02-18,-0.0171671671671672,-0.04475262,Avoid,MSFT
2026-02-18,-0.05739972337482707,0.104066715,Buy,NVDA
